method,budget,depth,test_set,n_instances,n_ok,mean_file_recall,mean_file_precision,mean_file_f1,mean_file_f2,mean_file_f0_5,mean_fragment_recall,mean_fragment_precision,mean_fragment_f1,mean_line_f1,mean_line_f1_given_file_hit,n_with_fragment_gold,recall_perfect_pct,recall_zero_pct,recall_partial_pct,recall_std,n_selected_p50,n_selected_p95,n_gold_p50,fragment_count_p50,fragment_count_p95,mean_used_tokens,tokens_p50,tokens_p95,tokens_p99,mean_elapsed_seconds,elapsed_p50,elapsed_p95,elapsed_p99,git_sha,started_at_utc,mean_line_precision,mean_line_recall,n_with_line_gold
aider,128000,-1,contextbench_verified,494,489,0.8034813612474228,0.008226964210922854,0.0158998461422138,0.03647403084448856,0.010192431311448018,,,,,,,60.32388663967611,5.870445344129554,33.80566801619433,0.2989645776788328,432.0,981.5999999999999,2.0,,,0.0,0.0,0.0,0.0,49.59393633346961,22.012067065999872,380.0170489264499,490.66388422450007,dffb4d6f2fe1459db6f1cff6d123c4715580c84d,2026-09-16T19:29:09Z,,,
aider,128000,-1,polybench500,500,457,0.5862665507104732,0.004129028306428012,0.00805289947499639,0.0189230932204779,0.005127271283909258,,,,,,,43.8,25.4,30.8,0.41825176011559384,486.0,1616.6,2.0,,,0.0,0.0,0.0,0.0,46.44911922331393,19.875581515500016,141.84298322144767,474.29813533298227,dffb4d6f2fe1459db6f1cff6d123c4715580c84d,2026-09-16T20:13:36Z,,,
aider,128000,-1,swebench_verified,500,500,0.9641666666666666,0.003400022686947973,0.0067444817172001535,0.016474807571267385,0.004241214252208684,,,,,,,95.0,2.4,2.6,0.16818268836793718,494.5,692.05,1.0,,,0.0,0.0,0.0,0.0,16.303975539053987,19.40393408050113,22.880816246149152,25.460782852532173,dffb4d6f2fe1459db6f1cff6d123c4715580c84d,2026-09-16T20:53:06Z,,,
aider,16000,-1,contextbench_verified,494,486,0.5733687846583466,0.01782601250586005,0.03322482717436517,0.07087935428161385,0.02186230894801265,,,,,,,38.663967611336034,19.23076923076923,42.10526315789474,0.3971942845674878,99.0,194.5,2.0,,,0.0,0.0,0.0,0.0,40.10883389546755,18.04650458499964,159.27941441255126,492.34420693109917,dffb4d6f2fe1459db6f1cff6d123c4715580c84d,2026-09-16T18:55:13Z,,,
aider,16000,-1,polybench500,500,462,0.38303749023594225,0.009875542132494614,0.01876346010414763,0.04140401541687244,0.012179132569249409,,,,,,,28.2,46.8,25.0,0.43067260075788866,96.0,252.0,2.0,,,0.0,0.0,0.0,0.0,40.70758849737403,17.642587414499758,136.21141069885,465.32519981516964,dffb4d6f2fe1459db6f1cff6d123c4715580c84d,2026-09-16T19:37:30Z,,,
aider,16000,-1,swebench_verified,500,497,0.787,0.008945787621665128,0.017583043887441512,0.041943472222945415,0.011132454806312227,,,,,,,75.8,18.8,5.4,0.3934786454744964,117.0,185.0,1.0,,,0.0,0.0,0.0,0.0,18.040501954449972,21.004935027998727,25.77379300269913,28.409427265417214,dffb4d6f2fe1459db6f1cff6d123c4715580c84d,2026-09-16T20:28:15Z,,,
aider,32000,-1,contextbench_verified,494,486,0.6626888776793047,0.013743385062874652,0.026075342425442117,0.05769914553008592,0.016937413135542017,,,,,,,47.36842105263158,13.96761133603239,38.663967611336034,0.37826065353279165,165.0,308.5,2.0,,,0.0,0.0,0.0,0.0,39.28558329420846,18.831186711499868,142.16740838440026,485.9181491905009,dffb4d6f2fe1459db6f1cff6d123c4715580c84d,2026-09-16T19:01:30Z,,,
aider,32000,-1,polybench500,500,460,0.43268977407891457,0.0071243868198805965,0.013766655662964455,0.03151448425958048,0.008826278810547348,,,,,,,32.0,40.2,27.8,0.43484342477214466,158.5,479.0999999999999,2.0,,,0.0,0.0,0.0,0.0,47.43599683584597,18.93577806150097,167.1611107278506,474.0287380673596,dffb4d6f2fe1459db6f1cff6d123c4715580c84d,2026-09-16T19:44:47Z,,,
aider,32000,-1,swebench_verified,500,498,0.8886904761904761,0.0064003848362905085,0.012647690086052713,0.030580891635337133,0.007976040238698029,,,,,,,86.6,9.4,4.0,0.2995157419990065,209.5,293.15,1.0,,,0.0,0.0,0.0,0.0,19.580535323797996,23.17113948000042,28.16578661620006,30.55746629518842,dffb4d6f2fe1459db6f1cff6d123c4715580c84d,2026-09-16T20:33:16Z,,,
aider,64000,-1,contextbench_verified,494,488,0.7421956638631843,0.010628355238500288,0.02040477467172724,0.046191846476569064,0.013143043589723348,,,,,,,54.04858299595141,8.704453441295547,37.24696356275304,0.3355895002500961,275.5,561.8499999999998,2.0,,,0.0,0.0,0.0,0.0,46.07914949187446,22.00558240600003,266.7505414990959,484.0135397507097,dffb4d6f2fe1459db6f1cff6d123c4715580c84d,2026-09-16T19:03:27Z,,,
aider,64000,-1,polybench500,500,460,0.5130612740327978,0.005159642408823108,0.010046514861261433,0.023465342189507913,0.006404679561325034,,,,,,,38.0,31.8,30.2,0.43165798791384696,289.0,1001.0999999999999,2.0,,,0.0,0.0,0.0,0.0,45.07534307446404,15.484859414500534,154.41574746690014,477.33983936910073,dffb4d6f2fe1459db6f1cff6d123c4715580c84d,2026-09-16T20:11:46Z,,,
aider,64000,-1,swebench_verified,500,498,0.9408333333333334,0.004701612877515177,0.00931267764380045,0.022658374870505055,0.005862616139045309,,,,,,,92.4,4.6,3.0,0.22082389916955195,329.0,448.15,1.0,,,0.0,0.0,0.0,0.0,16.965495651392093,18.990476928500357,28.328791119401096,32.16538093958923,dffb4d6f2fe1459db6f1cff6d123c4715580c84d,2026-09-16T20:46:40Z,,,
aider,8000,-1,contextbench_verified,494,486,0.4598234890914918,0.023636637422772472,0.042234013972441545,0.08440489704678983,0.028617233800052343,,,,,,,29.554655870445345,29.554655870445345,40.89068825910931,0.40630649752117637,61.0,106.0,2.0,,,0.0,0.0,0.0,0.0,38.98521461493521,17.430750708500454,150.2387839583,494.42516296719003,dffb4d6f2fe1459db6f1cff6d123c4715580c84d,2026-09-16T18:53:43Z,,,
aider,8000,-1,polybench500,500,460,0.3160129613850202,0.01353909989361329,0.025046614547606046,0.052488074233857394,0.016572217705660853,,,,,,,23.4,55.2,21.4,0.4167662947219528,54.0,129.0,2.0,,,0.0,0.0,0.0,0.0,43.346460097986,16.890641820499695,143.1055849988993,473.1132294404813,dffb4d6f2fe1459db6f1cff6d123c4715580c84d,2026-09-16T19:31:42Z,,,
aider,8000,-1,swebench_verified,500,500,0.6881571428571428,0.012620950725895561,0.02460471559288281,0.05746697109923321,0.015672576569756222,,,,,,,65.6,28.0,6.4,0.4463766276066315,74.0,110.0,1.0,,,0.0,0.0,0.0,0.0,17.509258412262007,20.728370285998608,25.238948632250686,28.577948787358707,dffb4d6f2fe1459db6f1cff6d123c4715580c84d,2026-09-16T20:15:16Z,,,
bm25,0,-1,contextbench_verified,494,493,0.0,0.0,0.0,0.0,0.0,,,,,,,0.0,100.0,0.0,0.0,0.0,0.0,2.0,,,0.0,0.0,0.0,0.0,7.202622051582993,4.939205113000071,23.841436746149906,31.268900026500177,dffb4d6f2fe1459db6f1cff6d123c4715580c84d,2026-09-16T16:24:22Z,,,
bm25,128000,-1,contextbench_verified,494,493,0.8591268663384516,0.10801776620369494,0.16932459401663752,0.28525574332267944,0.12512531581608885,,,,,,,65.38461538461539,0.6072874493927125,34.008097165991906,0.22415990540031733,25.0,116.74999999999983,2.0,,,127368.05668016194,127998.0,128000.0,128000.0,6.673553076793521,4.15794981550016,20.832884628300313,27.67579490110049,dffb4d6f2fe1459db6f1cff6d123c4715580c84d,2026-09-16T16:24:22Z,,,
bm25,16000,-1,contextbench_verified,494,493,0.6328529908385632,0.21142770979068087,0.2692459200743809,0.37633273249444094,0.22510569366627262,,,,,,,42.51012145748988,9.109311740890687,48.38056680161943,0.360782015448182,8.0,16.0,2.0,,,15962.987854251012,15998.0,16000.0,16000.0,6.597021735917004,4.15565013000014,19.04278580174984,23.48603463043988,dffb4d6f2fe1459db6f1cff6d123c4715580c84d,2026-09-16T16:24:22Z,,,
bm25,32000,-1,contextbench_verified,494,493,0.7480241068970503,0.19417121545688665,0.26418800371541146,0.3876103237242014,0.21316227581530364,,,,,,,52.63157894736842,2.42914979757085,44.93927125506073,0.30234969485370383,10.5,25.349999999999966,2.0,,,31930.9028340081,31998.0,32000.0,32000.0,7.154909358333997,4.82852151599991,23.319611475249868,30.672004725799926,dffb4d6f2fe1459db6f1cff6d123c4715580c84d,2026-09-16T16:24:22Z,,,
bm25,64000,-1,contextbench_verified,494,493,0.8156018839973906,0.15611737195017178,0.22674633184494644,0.3542398355453018,0.1757209572635113,,,,,,,60.32388663967611,0.6072874493927125,39.068825910931174,0.25697804670000035,15.0,51.349999999999966,2.0,,,63856.43927125506,63998.0,64000.0,64000.0,6.318591136477734,4.608179885500249,19.92498887729983,27.72537592724065,dffb4d6f2fe1459db6f1cff6d123c4715580c84d,2026-09-16T16:24:22Z,,,
bm25,8000,-1,contextbench_verified,494,493,0.4901915939022667,0.2113240173824774,0.2496347857666139,0.3270511022416252,0.21835404608903386,,,,,,,30.97165991902834,21.05263157894737,47.97570850202429,0.3877279939186184,6.0,11.0,2.0,,,7979.5526315789475,7998.0,8000.0,8000.0,6.313060242627522,4.901285116000054,23.702854351400056,29.864079405379815,dffb4d6f2fe1459db6f1cff6d123c4715580c84d,2026-09-16T16:24:22Z,,,
bm25,0,-1,polybench500,500,499,0.0,0.0,0.0,0.0,0.0,,,,,,,0.0,100.0,0.0,0.0,0.0,0.0,2.0,,,0.0,0.0,0.0,0.0,7.943913559371993,4.271569753499762,23.857091952299943,30.181534826670166,dffb4d6f2fe1459db6f1cff6d123c4715580c84d,2026-09-16T16:24:29Z,,,
bm25,128000,-1,polybench500,500,499,0.9394655308467127,0.0850088052030293,0.13956651319641467,0.25005402727318193,0.10005020529563177,,,,,,,84.2,1.0,14.8,0.16901159371051833,35.0,126.04999999999995,2.0,,,126859.946,127998.0,128000.0,128000.0,7.154400789562,3.830577644999721,20.771392685450422,26.550243500289557,dffb4d6f2fe1459db6f1cff6d123c4715580c84d,2026-09-16T16:24:29Z,,,
bm25,16000,-1,polybench500,500,499,0.7815474750780547,0.2266673064465263,0.30493860527960676,0.4391583478404166,0.24813322639397825,,,,,,,61.4,6.4,32.2,0.317474462939008,8.0,18.0,2.0,,,15942.408,15998.0,16000.0,16000.0,7.258871201873998,3.742640871500271,20.559534210149902,26.738146847959875,dffb4d6f2fe1459db6f1cff6d123c4715580c84d,2026-09-16T16:24:29Z,,,
bm25,32000,-1,polybench500,500,499,0.8767910698303955,0.19251460368887763,0.2753400425306458,0.4190515349872354,0.21592130354377528,,,,,,,73.4,2.8,23.8,0.24251148035538808,13.0,34.0,2.0,,,31838.766,31998.0,32000.0,32000.0,7.283641829015991,4.021620084999768,22.171464391650193,26.42639993944048,dffb4d6f2fe1459db6f1cff6d123c4715580c84d,2026-09-16T16:24:29Z,,,
bm25,64000,-1,polybench500,500,499,0.9251140804152549,0.13752012773192202,0.21097880714861367,0.3476762134849397,0.1580347470761271,,,,,,,81.2,1.0,17.8,0.18353534723511852,20.0,63.09999999999991,2.0,,,63257.092,63998.0,64000.0,64000.0,7.649811219612037,4.033745588500096,22.17248285064925,25.94452127908994,dffb4d6f2fe1459db6f1cff6d123c4715580c84d,2026-09-16T16:24:29Z,,,
bm25,8000,-1,polybench500,500,499,0.6721583532966189,0.24284831912153892,0.3040336810229254,0.4194557960144193,0.256234317927226,,,,,,,49.8,12.2,38.0,0.37206827107319124,6.0,12.0,2.0,,,7972.866,7998.0,8000.0,8000.0,7.677417064151998,3.432820609499913,24.25070672340018,31.495103752299737,dffb4d6f2fe1459db6f1cff6d123c4715580c84d,2026-09-16T16:24:29Z,,,
bm25,0,-1,swebench_verified,500,499,0.0,0.0,0.0,0.0,0.0,,,,,,,0.0,100.0,0.0,0.0,0.0,0.0,1.0,,,0.0,0.0,0.0,0.0,8.174869029270013,7.055610142499972,16.754126254250004,18.33823793028996,dffb4d6f2fe1459db6f1cff6d123c4715580c84d,2026-09-16T16:33:36Z,,,
bm25,128000,-1,swebench_verified,500,499,0.9812380952380951,0.06436684537319193,0.11665644282316753,0.23790462982917487,0.0780983384096926,,,,,,,97.2,1.2,1.6,0.12191326235244042,19.0,40.0,1.0,,,127552.736,127998.0,128000.0,128000.0,6.541955197826018,6.902442581000287,11.241779464049928,12.389442748850351,dffb4d6f2fe1459db6f1cff6d123c4715580c84d,2026-09-16T16:33:36Z,,,
bm25,16000,-1,swebench_verified,500,499,0.7556238095238096,0.13322467050493367,0.21716710819728724,0.36661503591705075,0.1566392774721822,,,,,,,71.8,20.8,7.4,0.4091118010238295,7.0,12.0,1.0,,,15951.116,15998.0,16000.0,16000.0,7.3400793248940035,7.641747352000266,13.414084499750574,15.896698706500318,dffb4d6f2fe1459db6f1cff6d123c4715580c84d,2026-09-16T16:33:36Z,,,
bm25,32000,-1,swebench_verified,500,499,0.9306904761904762,0.1271039402501598,0.21475170304043234,0.3849582714000722,0.15097501606586927,,,,,,,91.0,5.2,3.8,0.23684861622311143,9.0,16.0,1.0,,,31921.27,31998.0,32000.0,32000.0,7.777583546314003,7.217768266999883,14.95234513990008,16.203809593819905,dffb4d6f2fe1459db6f1cff6d123c4715580c84d,2026-09-16T16:33:36Z,,,
bm25,64000,-1,swebench_verified,500,499,0.9697142857142856,0.09988389505962302,0.1734731283163019,0.32784315534126784,0.11957701804409995,,,,,,,95.6,2.0,2.4,0.1550236175408923,13.0,25.0,1.0,,,63863.324,63998.0,64000.0,64000.0,7.496346043102016,7.221924045500145,14.902025981400035,16.791334929470104,dffb4d6f2fe1459db6f1cff6d123c4715580c84d,2026-09-16T16:33:36Z,,,
bm25,8000,-1,swebench_verified,500,499,0.5398904761904761,0.11078224626250942,0.1756425468648998,0.284980891838657,0.12932559366412033,,,,,,,49.8,41.6,8.6,0.47763104412128615,6.0,10.0,1.0,,,7975.834,7998.0,8000.0,8000.0,7.961389468259998,7.943896538499985,15.204981421350043,16.793346167240003,dffb4d6f2fe1459db6f1cff6d123c4715580c84d,2026-09-16T16:33:36Z,,,
ego,-1,0,contextbench_verified,494,494,0.7702171028355917,1.0,0.8329334793282458,0.7905724243815438,0.904580682356584,0.6706796831018206,0.6890926776283608,0.6346211156360099,0.2409351840625249,0.2409351840625249,494,56.477732793522264,0.0,43.522267206477736,0.29355822273248794,1.0,9.0,2.0,2.5,27.349999999999966,2517.902834008097,1200.5,9172.499999999993,17686.99999999999,6.296473898894733,4.146107386500063,16.787138522550034,27.539146935479973,dffb4d6f2fe1459db6f1cff6d123c4715580c84d,2026-09-16T15:46:56Z,0.31221255937194436,0.3576284786330181,494
ego,0,0,contextbench_verified,494,494,0.0,0.0,0.0,0.0,0.0,0.0,0.0,0.0,0.0,,494,0.0,100.0,0.0,0.0,0.0,0.0,2.0,0.0,0.0,0.0,0.0,0.0,0.0,0.003580717858297233,0.0027802780000030225,0.00751070119997763,0.012665922789984147,dffb4d6f2fe1459db6f1cff6d123c4715580c84d,2026-09-16T15:46:56Z,0.0,0.0,494
ego,128000,0,contextbench_verified,494,494,0.7702171028355917,1.0,0.8329334793282458,0.7905724243815438,0.904580682356584,0.6706796831018206,0.6890926776283608,0.6346211156360099,0.2409351840625249,0.2409351840625249,494,56.477732793522264,0.0,43.522267206477736,0.29355822273248794,1.0,9.0,2.0,2.5,27.349999999999966,2517.902834008097,1200.5,9172.499999999993,17686.99999999999,0.004013292844130777,0.0030382384999825263,0.007362090399992383,0.01470353340000484,dffb4d6f2fe1459db6f1cff6d123c4715580c84d,2026-09-16T15:46:56Z,0.31221255937194436,0.3576284786330181,494
ego,16000,0,contextbench_verified,494,494,0.7696797908947709,1.0,0.8325997622634038,0.7901055307587317,0.9044257253169217,0.6685559301105392,0.6896238160436297,0.6339622388347806,0.2417859336114569,0.2417859336114569,494,56.477732793522264,0.0,43.522267206477736,0.29350434300918443,1.0,9.0,2.0,2.5,28.0,2202.5526315789475,1200.5,8491.949999999992,12747.87,0.003954244542510051,0.0030376815000181523,0.006809115550038313,0.012924828590000999,dffb4d6f2fe1459db6f1cff6d123c4715580c84d,2026-09-16T15:46:56Z,0.31528242572333115,0.3554109962383741,494
ego,32000,0,contextbench_verified,494,494,0.769942199051916,1.0,0.8327750617333315,0.7903400046774162,0.9045112243544469,0.6706379451327902,0.6896327906135241,0.6349934374236159,0.24163477226379368,0.24163477226379368,494,56.477732793522264,0.0,43.522267206477736,0.2934700724286101,1.0,9.0,2.0,2.5,27.349999999999966,2409.8947368421054,1200.5,9172.499999999993,17577.31,0.003967257787450239,0.0031849730000033105,0.0073986167999890995,0.01344361465004622,dffb4d6f2fe1459db6f1cff6d123c4715580c84d,2026-09-16T15:46:56Z,0.3134030233064352,0.3573828332208065,494
ego,64000,0,contextbench_verified,494,494,0.7702171028355917,1.0,0.8329334793282458,0.7905724243815438,0.904580682356584,0.6706796831018206,0.6891050515837471,0.6346317120462708,0.24096642298812804,0.24096642298812804,494,56.477732793522264,0.0,43.522267206477736,0.29355822273248794,1.0,9.0,2.0,2.5,27.349999999999966,2503.3825910931173,1200.5,9172.499999999993,17686.99999999999,0.004013678524291766,0.003081180500004166,0.007239570299994112,0.013436440280013331,dffb4d6f2fe1459db6f1cff6d123c4715580c84d,2026-09-16T15:46:56Z,0.3122430081870941,0.3576284786330181,494
ego,8000,0,contextbench_verified,494,494,0.7687801057845596,1.0,0.8317164350642872,0.7891923165491185,0.9037762200234536,0.664137672307564,0.6925830408680373,0.632145714997445,0.24476434495967767,0.24476434495967767,494,56.477732793522264,0.0,43.522267206477736,0.29449823213219306,1.0,9.0,2.0,2.5,28.0,1806.5526315789473,1180.0,5702.849999999998,6571.5599999999995,0.003936545572873384,0.0032121015000257103,0.006907782899978087,0.012420350579972107,dffb4d6f2fe1459db6f1cff6d123c4715580c84d,2026-09-16T15:46:56Z,0.3228184740647104,0.35161777753385565,494
ego,-1,0,polybench500,500,500,0.999547619047619,1.0,0.9997591973244147,0.999629112662014,0.9998997695852535,1.0,0.8610483487601862,0.8987462726639937,,,456,99.6,0.0,0.4,0.007382449924884291,2.0,12.0,2.0,4.0,32.149999999999864,2779.676,1332.0,10046.049999999974,18589.709999999985,7.596147709400004,3.6352406775000645,23.7204462413001,60.46846267729998,dffb4d6f2fe1459db6f1cff6d123c4715580c84d,2026-09-16T15:55:41Z,,,
ego,0,0,polybench500,500,500,0.0,0.0,0.0,0.0,0.0,0.0,0.0,0.0,,,456,0.0,100.0,0.0,0.0,0.0,0.0,2.0,0.0,0.0,0.0,0.0,0.0,0.0,0.0037910222160014656,0.0028217724999990423,0.008771486399996316,0.016303057740076378,dffb4d6f2fe1459db6f1cff6d123c4715580c84d,2026-09-16T15:55:41Z,,,
ego,128000,0,polybench500,500,500,0.999547619047619,1.0,0.9997591973244147,0.999629112662014,0.9998997695852535,1.0,0.8610483487601862,0.8987462726639937,,,456,99.6,0.0,0.4,0.007382449924884291,2.0,12.0,2.0,4.0,32.149999999999864,2779.676,1332.0,10046.049999999974,18589.709999999985,0.00452826020200041,0.0031084524999869245,0.010954552899949002,0.017575918510192422,dffb4d6f2fe1459db6f1cff6d123c4715580c84d,2026-09-16T15:55:41Z,,,
ego,16000,0,polybench500,500,500,0.999547619047619,1.0,0.9997591973244147,0.999629112662014,0.9998997695852535,1.0,0.8609783667870579,0.8987407212939628,,,456,99.6,0.0,0.4,0.007382449924884291,2.0,12.0,2.0,4.0,34.049999999999955,2318.068,1300.5,8263.55,12498.18999999999,0.004597990166001182,0.0032037209999202787,0.011261602249942356,0.018618511750000823,dffb4d6f2fe1459db6f1cff6d123c4715580c84d,2026-09-16T15:55:41Z,,,
ego,32000,0,polybench500,500,500,0.999547619047619,1.0,0.9997591973244147,0.999629112662014,0.9998997695852535,1.0,0.8610438145765081,0.8987439271846892,,,456,99.6,0.0,0.4,0.007382449924884291,2.0,12.0,2.0,4.0,32.149999999999864,2570.066,1332.0,9684.0,18300.77,0.0045018240760005025,0.0030648499999870182,0.010944835000032065,0.017754410449929304,dffb4d6f2fe1459db6f1cff6d123c4715580c84d,2026-09-16T15:55:41Z,,,
ego,64000,0,polybench500,500,500,0.999547619047619,1.0,0.9997591973244147,0.999629112662014,0.9998997695852535,1.0,0.8610483487601862,0.8987462726639937,,,456,99.6,0.0,0.4,0.007382449924884291,2.0,12.0,2.0,4.0,32.149999999999864,2701.824,1332.0,10046.049999999974,18300.77,0.0045004475320033635,0.003110316499999044,0.011337475899989596,0.017322149650074146,dffb4d6f2fe1459db6f1cff6d123c4715580c84d,2026-09-16T15:55:41Z,,,
ego,8000,0,polybench500,500,500,0.9984171842650104,1.0,0.998971318536536,0.9986095048188768,0.9994870711725551,0.9982568600989654,0.8602009665872362,0.8974245631324458,,,456,99.4,0.0,0.6,0.026289566535687783,2.0,12.0,2.0,4.0,32.0,1918.976,1287.0,5742.45,6616.509999999998,0.004499176857999828,0.0032137955000166585,0.010785006900016467,0.016061107390046337,dffb4d6f2fe1459db6f1cff6d123c4715580c84d,2026-09-16T15:55:41Z,,,
ego,-1,0,swebench_verified,500,500,1.0,1.0,1.0,1.0,1.0,,,,,,,100.0,0.0,0.0,0.0,1.0,2.0,1.0,2.0,8.0,1260.424,954.0,3720.5999999999995,6224.989999999998,6.859626232774001,7.094500461999928,13.136780980300363,15.03561819873983,dffb4d6f2fe1459db6f1cff6d123c4715580c84d,2026-09-16T15:56:06Z,,,
ego,0,0,swebench_verified,500,500,0.0,0.0,0.0,0.0,0.0,,,,,,,0.0,100.0,0.0,0.0,0.0,0.0,1.0,0.0,0.0,0.0,0.0,0.0,0.0,0.003321037185995692,0.002800502999946275,0.006029437850020258,0.008454102730086102,dffb4d6f2fe1459db6f1cff6d123c4715580c84d,2026-09-16T15:56:06Z,,,
ego,128000,0,swebench_verified,500,500,1.0,1.0,1.0,1.0,1.0,,,,,,,100.0,0.0,0.0,0.0,1.0,2.0,1.0,2.0,8.0,1260.424,954.0,3720.5999999999995,6224.989999999998,0.0036382411520073676,0.003310604499972669,0.0060489134499391636,0.007757614909935454,dffb4d6f2fe1459db6f1cff6d123c4715580c84d,2026-09-16T15:56:06Z,,,
ego,16000,0,swebench_verified,500,500,1.0,1.0,1.0,1.0,1.0,,,,,,,100.0,0.0,0.0,0.0,1.0,2.0,1.0,2.0,8.0,1260.424,954.0,3720.5999999999995,6224.989999999998,0.003659671622001042,0.003414409500066995,0.005962688799974099,0.007441229680063087,dffb4d6f2fe1459db6f1cff6d123c4715580c84d,2026-09-16T15:56:06Z,,,
ego,32000,0,swebench_verified,500,500,1.0,1.0,1.0,1.0,1.0,,,,,,,100.0,0.0,0.0,0.0,1.0,2.0,1.0,2.0,8.0,1260.424,954.0,3720.5999999999995,6224.989999999998,0.003624727475996906,0.0033447040000851302,0.005726315050037556,0.007386509799948724,dffb4d6f2fe1459db6f1cff6d123c4715580c84d,2026-09-16T15:56:06Z,,,
ego,64000,0,swebench_verified,500,500,1.0,1.0,1.0,1.0,1.0,,,,,,,100.0,0.0,0.0,0.0,1.0,2.0,1.0,2.0,8.0,1260.424,954.0,3720.5999999999995,6224.989999999998,0.0036348463320025532,0.003343991500003085,0.005884775350006061,0.007278534900046906,dffb4d6f2fe1459db6f1cff6d123c4715580c84d,2026-09-16T15:56:06Z,,,
ego,8000,0,swebench_verified,500,500,1.0,1.0,1.0,1.0,1.0,,,,,,,100.0,0.0,0.0,0.0,1.0,2.0,1.0,2.0,8.0,1241.486,954.0,3720.5999999999995,4968.2099999999955,0.003720004756000435,0.0034483684999599973,0.0058054153000966805,0.007794617590068353,dffb4d6f2fe1459db6f1cff6d123c4715580c84d,2026-09-16T15:56:06Z,,,
ego,-1,1,contextbench_verified,494,494,0.8671430322156769,0.2057651682679757,0.28341410314394205,0.41929040450230315,0.2274102593658815,0.7735164797473294,0.1585354346117279,0.23024294678163454,0.26355613582867177,0.26355613582867177,494,69.23076923076923,0.0,30.76923076923077,0.23093451464591835,14.0,102.34999999999997,2.0,35.0,211.34999999999997,13895.502024291498,6708.5,45078.149999999965,98368.88999999998,6.299318222392714,4.146127297500016,16.633255001800194,27.58749257075995,dffb4d6f2fe1459db6f1cff6d123c4715580c84d,2026-09-16T15:56:11Z,0.2937189218713828,0.44407176203080573,494
ego,0,1,contextbench_verified,494,494,0.0,0.0,0.0,0.0,0.0,0.0,0.0,0.0,0.0,,494,0.0,100.0,0.0,0.0,0.0,0.0,2.0,0.0,0.0,0.0,0.0,0.0,0.0,0.005443709386641695,0.0039304595000544396,0.01355385990002559,0.021043674739992177,dffb4d6f2fe1459db6f1cff6d123c4715580c84d,2026-09-16T15:56:11Z,0.0,0.0,494
ego,128000,1,contextbench_verified,494,494,0.8669109705801065,0.20722709946688028,0.28546041330685773,0.42210960821573673,0.22905153291495006,0.7733974037768602,0.15959656868110653,0.23173324520924235,0.26377710559027795,0.26377710559027795,494,69.02834008097166,0.0,30.97165991902834,0.23085714264328064,14.0,101.34999999999997,2.0,35.0,208.39999999999986,12608.589068825911,6606.0,44454.299999999996,87804.18999999992,0.0138848092550553,0.0072242255000105615,0.03933675215000106,0.09086532182001396,dffb4d6f2fe1459db6f1cff6d123c4715580c84d,2026-09-16T15:56:11Z,0.293950511279838,0.44396317790793227,494
ego,16000,1,contextbench_verified,494,494,0.8613915630870147,0.23705876311877006,0.32066023806772204,0.46158747076164763,0.2606091932498319,0.7609293744378027,0.17781569863550992,0.2526007243135464,0.26598846299290024,0.26598846299290024,494,67.4089068825911,0.0,32.59109311740891,0.23307046932625022,12.5,48.0,2.0,32.0,116.0,6766.024291497975,6176.5,13883.399999999998,14555.19,0.013808028714570833,0.006837454499986961,0.040568013599943234,0.12972785201000414,dffb4d6f2fe1459db6f1cff6d123c4715580c84d,2026-09-16T15:56:11Z,0.301143183397322,0.4319645704468208,494
ego,32000,1,contextbench_verified,494,494,0.8643292848843857,0.21942104472240748,0.2998695170983879,0.43835145517473495,0.24197102496277645,0.7679204026029228,0.16640081892758252,0.24000703040189977,0.26378240081253984,0.26378240081253984,494,68.01619433198381,0.0,31.983805668016196,0.23150712417098546,13.0,66.69999999999993,2.0,34.0,164.39999999999986,9484.344129554656,6285.0,26386.549999999985,28884.46,0.013640870400809588,0.007252753000045686,0.03845832255000231,0.10601750775993514,dffb4d6f2fe1459db6f1cff6d123c4715580c84d,2026-09-16T15:56:11Z,0.29417799402907985,0.439622607793866,494
ego,64000,1,contextbench_verified,494,494,0.8665352092394328,0.210730343529988,0.2898499890463087,0.4273434919082323,0.23284806430317698,0.7729640510514871,0.16156808664405778,0.23430572258625576,0.26409449035573485,0.26409449035573485,494,69.02834008097166,0.0,30.97165991902834,0.23101180271005553,13.0,81.34999999999997,2.0,35.0,197.69999999999993,11550.7995951417,6317.0,41666.7,55040.41999999999,0.014137156024284985,0.007196560000011232,0.04186649135000376,0.09973020736995049,dffb4d6f2fe1459db6f1cff6d123c4715580c84d,2026-09-16T15:56:11Z,0.2942120748357992,0.4435712878874163,494
ego,8000,1,contextbench_verified,494,494,0.8541600089514357,0.2766996986783962,0.36277240934886434,0.5033897058608632,0.30083251376244086,0.7442032030294784,0.2015305089965961,0.2762999177100014,0.27208124346686213,0.27208124346686213,494,66.19433198380567,0.0,33.80566801619433,0.23899008546413597,11.0,31.349999999999966,2.0,28.0,69.34999999999997,4363.997975708502,4902.5,6875.25,7135.629999999999,0.012084212508095798,0.006831915000020672,0.039673471449981366,0.07962658289994445,dffb4d6f2fe1459db6f1cff6d123c4715580c84d,2026-09-16T15:56:11Z,0.3126014964649146,0.4166769017622173,494
ego,-1,1,polybench500,500,500,0.999547619047619,0.20844938806227897,0.3155514699399784,0.486371063936007,0.24014662160794703,1.0,0.3333180140210389,0.4572090346106746,,,456,99.6,0.0,0.4,0.007382449924884291,15.0,111.09999999999991,2.0,40.5,226.0999999999999,12652.452,7278.0,45643.49999999997,72054.61999999998,7.604304134915993,3.7191050704999498,25.462210710000015,56.55478560393006,dffb4d6f2fe1459db6f1cff6d123c4715580c84d,2026-09-16T15:57:09Z,,,
ego,0,1,polybench500,500,500,0.0,0.0,0.0,0.0,0.0,0.0,0.0,0.0,,,456,0.0,100.0,0.0,0.0,0.0,0.0,2.0,0.0,0.0,0.0,0.0,0.0,0.0,0.0060647612140001,0.0044088874999488326,0.015195090249977726,0.02524118119989225,dffb4d6f2fe1459db6f1cff6d123c4715580c84d,2026-09-16T15:57:09Z,,,
ego,128000,1,polybench500,500,500,0.999547619047619,0.21015618326343832,0.3181584193655165,0.4904172907856199,0.24211711772426525,1.0,0.3355802112489294,0.4603151652287326,,,456,99.6,0.0,0.4,0.007382449924884291,15.0,105.04999999999995,2.0,39.5,214.04999999999995,11397.58,7008.5,38688.75,64984.98999999996,0.015211698848001788,0.007949658000029558,0.05373595685001076,0.08198086606000735,dffb4d6f2fe1459db6f1cff6d123c4715580c84d,2026-09-16T15:57:09Z,,,
ego,16000,1,polybench500,500,500,0.999547619047619,0.24056113609526084,0.3553693022292591,0.5325923146953605,0.27483274942876695,1.0,0.36427525025169066,0.49080036448955605,,,456,99.6,0.0,0.4,0.007382449924884291,14.0,50.0,2.0,38.0,132.04999999999995,6513.75,6184.5,12837.5,14240.4,0.014683660830000007,0.007978667500026404,0.04888689924998163,0.08422238624017947,dffb4d6f2fe1459db6f1cff6d123c4715580c84d,2026-09-16T15:57:09Z,,,
ego,32000,1,polybench500,500,500,0.999547619047619,0.22055845829755344,0.3311663483721389,0.5061914795123951,0.2533433194105291,1.0,0.3456628578896506,0.4714667533244015,,,456,99.6,0.0,0.4,0.007382449924884291,14.5,72.0,2.0,39.0,183.24999999999977,8889.168,6446.5,24548.05,27216.289999999997,0.014846454347996542,0.008245184000031713,0.04953142700006192,0.07923460211001829,dffb4d6f2fe1459db6f1cff6d123c4715580c84d,2026-09-16T15:57:09Z,,,
ego,64000,1,polybench500,500,500,0.999547619047619,0.21283679676059022,0.3219331998241942,0.495497572849103,0.24513838957845224,1.0,0.33866458831719004,0.46390062347715494,,,456,99.6,0.0,0.4,0.007382449924884291,15.0,92.09999999999991,2.0,39.0,214.04999999999995,10638.208,6695.0,38423.99999999999,49318.42,0.015030148835995079,0.007821434999982557,0.05058008159996913,0.08336187583987445,dffb4d6f2fe1459db6f1cff6d123c4715580c84d,2026-09-16T15:57:09Z,,,
ego,8000,1,polybench500,500,500,0.9974171842650104,0.2987706453749582,0.4166905799866561,0.5903186440579965,0.33437652331779294,0.9982568600989654,0.40604488210411466,0.5303709154314992,,,456,99.2,0.0,0.8,0.03445251336498363,12.0,30.0,2.0,34.0,72.04999999999995,4115.304,4670.0,6562.949999999998,6886.589999999998,0.013743710529998907,0.007635949999951208,0.04763959879995234,0.08119520693000022,dffb4d6f2fe1459db6f1cff6d123c4715580c84d,2026-09-16T15:57:09Z,,,
ego,-1,1,swebench_verified,500,500,1.0,0.15394675216486461,0.23852050717092346,0.39083296770738774,0.17812369741949322,,,,,,,100.0,0.0,0.0,0.0,12.0,58.29999999999973,1.0,30.0,134.0999999999999,9111.832,5902.0,29060.099999999988,54711.86999999997,6.527372022059999,6.075070443999948,13.952101541300053,15.163123339489776,dffb4d6f2fe1459db6f1cff6d123c4715580c84d,2026-09-16T16:04:16Z,,,
ego,0,1,swebench_verified,500,500,0.0,0.0,0.0,0.0,0.0,,,,,,,0.0,100.0,0.0,0.0,0.0,0.0,1.0,0.0,0.0,0.0,0.0,0.0,0.0,0.004600149490008789,0.003943455999888101,0.008654819950106682,0.011666683360087969,dffb4d6f2fe1459db6f1cff6d123c4715580c84d,2026-09-16T16:04:16Z,,,
ego,128000,1,swebench_verified,500,500,1.0,0.15434570087030364,0.23920795253762955,0.39204554016357235,0.1786031077333667,,,,,,,100.0,0.0,0.0,0.0,12.0,55.049999999999955,1.0,30.0,129.04999999999995,8936.734,5902.0,27422.64999999993,54711.86999999997,0.008331318809999174,0.006850541000062549,0.017135864750025577,0.034204405519888,dffb4d6f2fe1459db6f1cff6d123c4715580c84d,2026-09-16T16:04:16Z,,,
ego,16000,1,swebench_verified,500,500,1.0,0.166983043761098,0.2569818925112065,0.417604905252718,0.19274304927179986,,,,,,,100.0,0.0,0.0,0.0,11.0,42.0,1.0,28.0,94.04999999999995,6222.934,5209.5,13554.149999999994,14340.23,0.008096580414004165,0.00674369750004189,0.01643547014990645,0.03291106316994273,dffb4d6f2fe1459db6f1cff6d123c4715580c84d,2026-09-16T16:04:16Z,,,
ego,32000,1,swebench_verified,500,500,1.0,0.15945544260847325,0.24625029131365728,0.40214236030706757,0.18427333588061282,,,,,,,100.0,0.0,0.0,0.0,11.0,48.09999999999991,1.0,29.0,121.0,7704.674,5341.5,24296.44999999998,27727.89,0.008160744051997881,0.006722952000018267,0.0167441204000397,0.03166490135995445,dffb4d6f2fe1459db6f1cff6d123c4715580c84d,2026-09-16T16:04:16Z,,,
ego,64000,1,swebench_verified,500,500,1.0,0.1552066764813297,0.24066901149511954,0.39455459021339206,0.1796331865731365,,,,,,,100.0,0.0,0.0,0.0,11.5,53.0,1.0,29.5,129.04999999999995,8555.284,5542.0,27391.699999999957,44807.23999999994,0.008382819923991975,0.006850470500012307,0.017304123349958896,0.037879205199976666,dffb4d6f2fe1459db6f1cff6d123c4715580c84d,2026-09-16T16:04:16Z,,,
ego,8000,1,swebench_verified,500,500,1.0,0.18439159890898513,0.2827947498328669,0.4546162069449062,0.2126668297601069,,,,,,,100.0,0.0,0.0,0.0,9.0,29.0,1.0,26.0,59.049999999999955,4227.446,4783.5,6775.4,7149.719999999999,0.007955958635995103,0.006669305500054179,0.01585301589991558,0.03006128869988287,dffb4d6f2fe1459db6f1cff6d123c4715580c84d,2026-09-16T16:04:16Z,,,
ego,-1,2,contextbench_verified,494,494,0.9071951626299884,0.1039949704479318,0.1503580092685297,0.24276375789308077,0.11653747714588113,0.8520937475227421,0.07604759823890173,0.11977393517529122,0.2510001890511473,0.2510001890511473,494,75.50607287449392,0.0,24.493927125506072,0.19511388172533115,54.5,668.6999999999979,2.0,166.0,1189.4499999999998,76100.47368421052,33710.0,247194.1499999995,539737.4199999999,6.172665935317819,4.06895401949987,16.31309710279999,27.560132689340023,dffb4d6f2fe1459db6f1cff6d123c4715580c84d,2026-09-16T16:04:39Z,0.24356488291733477,0.5495729224617325,494
ego,0,2,contextbench_verified,494,494,0.0,0.0,0.0,0.0,0.0,0.0,0.0,0.0,0.0,,494,0.0,100.0,0.0,0.0,0.0,0.0,2.0,0.0,0.0,0.0,0.0,0.0,0.0,0.02379322549797999,0.0164949949999027,0.06492304444988117,0.10306356490006009,dffb4d6f2fe1459db6f1cff6d123c4715580c84d,2026-09-16T16:04:39Z,0.0,0.0,494
ego,128000,2,contextbench_verified,494,494,0.9029836171903728,0.11127785084891782,0.1627625422955806,0.26579583115689775,0.12522196867178675,0.8481365674611324,0.08305159295708174,0.13110604001331835,0.24981516768143003,0.24981516768143003,494,74.2914979757085,0.0,25.708502024291498,0.19687586078135588,42.5,257.69999999999993,2.0,149.5,788.0999999999998,40529.172064777325,25683.0,108541.04999999996,118097.6,0.08411704097975896,0.04035420399998202,0.2910146872999462,0.7283512415998981,dffb4d6f2fe1459db6f1cff6d123c4715580c84d,2026-09-16T16:04:39Z,0.24295407745760608,0.5438357186745938,494
ego,16000,2,contextbench_verified,494,494,0.8814604497387186,0.16422062916835609,0.23459215049523097,0.3646956505464285,0.18375077727063088,0.8070936663219428,0.11624168263716689,0.17684711051274493,0.2521247093878785,0.2521247093878785,494,69.83805668016194,0.0,30.161943319838056,0.2139193415648886,23.0,79.0,2.0,87.0,182.34999999999997,9426.97975708502,10316.5,13540.849999999999,14186.669999999998,0.07979253601821543,0.03993439749990557,0.28318376074994345,0.5972803283999649,dffb4d6f2fe1459db6f1cff6d123c4715580c84d,2026-09-16T16:04:39Z,0.25693564580517003,0.487056174232599,494
ego,32000,2,contextbench_verified,494,494,0.8913615343369952,0.1340510157041878,0.195435374894573,0.31407187693763394,0.15089361529609066,0.8294009329690375,0.09834660832691511,0.15356535870460747,0.24992568557307923,0.24992568557307923,494,71.4574898785425,0.0,28.54251012145749,0.20481146414884394,31.0,126.0,2.0,117.5,316.0,16909.10728744939,18627.0,27645.399999999998,28981.21,0.0815988750991855,0.04061705850006092,0.27721045684995665,0.6435843917800351,dffb4d6f2fe1459db6f1cff6d123c4715580c84d,2026-09-16T16:04:39Z,0.24981981162901748,0.5160675239553832,494
ego,64000,2,contextbench_verified,494,494,0.8953304971883727,0.11778524737888951,0.17256365326585532,0.2812267613708629,0.1326801316490524,0.8429209059339247,0.08832373792353315,0.1388225475145429,0.2494910557068824,0.2494910557068824,494,72.2672064777328,0.0,27.732793522267208,0.20350707056069187,37.5,191.0999999999998,2.0,135.0,520.4499999999998,27754.0,24961.0,56229.25,58582.55,0.08233978970041272,0.04041716149993135,0.2705239485498847,0.6338000710600447,dffb4d6f2fe1459db6f1cff6d123c4715580c84d,2026-09-16T16:04:39Z,0.2445143391914638,0.5346766781856371,494
ego,8000,2,contextbench_verified,494,494,0.8702193881687098,0.220172851275233,0.30155286374046125,0.43973404218385886,0.2430829160915255,0.7756138096566697,0.14803200160586294,0.214911343910599,0.26028190921257116,0.26028190921257116,494,68.62348178137651,0.0,31.37651821862348,0.22489841727295862,16.0,45.0,2.0,55.0,96.34999999999997,4843.6255060728745,5084.5,6566.249999999999,6917.28,0.07474165632995554,0.03974104500002795,0.2589735101999963,0.6035422115399269,dffb4d6f2fe1459db6f1cff6d123c4715580c84d,2026-09-16T16:04:39Z,0.27742849850350026,0.43998222227111233,494
ego,-1,2,polybench500,500,500,0.999547619047619,0.08866984012558067,0.13854276312931627,0.2317319827505131,0.10292993212600449,1.0,0.24939230645112034,0.34652557440055487,,,456,99.6,0.0,0.4,0.007382449924884291,74.5,849.8499999999992,2.0,210.0,1207.3999999999996,77027.278,35197.5,293717.3499999999,535116.8300000001,7.633687776700002,3.696644028499918,23.860012081349915,57.74081542260004,dffb4d6f2fe1459db6f1cff6d123c4715580c84d,2026-09-16T16:05:09Z,,,
ego,0,2,polybench500,500,500,0.0,0.0,0.0,0.0,0.0,0.0,0.0,0.0,,,456,0.0,100.0,0.0,0.0,0.0,0.0,2.0,0.0,0.0,0.0,0.0,0.0,0.0,0.029464504422003757,0.013749473500070053,0.10057101319995344,0.18780733730995958,dffb4d6f2fe1459db6f1cff6d123c4715580c84d,2026-09-16T16:05:09Z,,,
ego,128000,2,polybench500,500,500,0.999547619047619,0.09926456692745353,0.15749722123083157,0.2686367913111071,0.11578082758513854,1.0,0.2810439878814611,0.3915139941672738,,,456,99.6,0.0,0.4,0.007382449924884291,56.5,283.04999999999995,2.0,166.0,725.5499999999995,32782.286,22799.5,95278.9,106010.93,0.12217334265799763,0.03595208100000491,0.3792179547999011,1.0403311935398956,dffb4d6f2fe1459db6f1cff6d123c4715580c84d,2026-09-16T16:05:09Z,,,
ego,16000,2,polybench500,500,500,0.998547619047619,0.15898972434538663,0.24405204098087852,0.3944521965873352,0.18351361487599752,1.0,0.3759853938917732,0.5031971396163492,,,456,99.4,0.0,0.6,0.02350735640153231,27.0,69.04999999999995,2.0,94.0,176.0999999999999,8731.534,9369.5,12942.2,13703.4,0.11883495986599837,0.0372365930001024,0.38894829585000246,1.0354603067600627,dffb4d6f2fe1459db6f1cff6d123c4715580c84d,2026-09-16T16:05:09Z,,,
ego,32000,2,polybench500,500,500,0.998547619047619,0.12158368324464876,0.19192230595563908,0.3239071509714972,0.14154626298984493,1.0,0.32637385201563507,0.44699371051701176,,,456,99.4,0.0,0.6,0.02350735640153231,42.0,118.09999999999991,2.0,136.5,316.0999999999999,15510.406,17470.5,26142.25,27740.510000000002,0.11833779914799879,0.03663428850006767,0.369400169849905,1.0146419877599837,dffb4d6f2fe1459db6f1cff6d123c4715580c84d,2026-09-16T16:05:09Z,,,
ego,64000,2,polybench500,500,500,0.998547619047619,0.10533108317709085,0.16784729717039848,0.28699340612213536,0.12304131815788515,1.0,0.29655420042028546,0.4108830250474138,,,456,99.4,0.0,0.6,0.02350735640153231,51.0,198.04999999999995,2.0,157.0,472.4499999999996,24134.368,21105.5,50695.44999999999,55409.25,0.1172069806599925,0.035998317500002486,0.3941581154001138,1.042183943970173,dffb4d6f2fe1459db6f1cff6d123c4715580c84d,2026-09-16T16:05:09Z,,,
ego,8000,2,polybench500,500,500,0.9974171842650104,0.23160601165771935,0.3298865336232905,0.4913262906648718,0.2604361591084157,0.9982568600989654,0.43445715841159044,0.5622451562240431,,,456,99.2,0.0,0.8,0.03445251336498363,18.0,38.0,2.0,62.0,97.0,4517.754,4672.0,6247.199999999998,6744.26,0.1123051274580057,0.035711339499926,0.3714157427000713,1.089283214260049,dffb4d6f2fe1459db6f1cff6d123c4715580c84d,2026-09-16T16:05:09Z,,,
ego,-1,2,swebench_verified,500,500,1.0,0.06266040345957861,0.10180167233058793,0.1816637370030844,0.07354792417129077,,,,,,,100.0,0.0,0.0,0.0,49.5,725.4999999999995,1.0,156.5,1266.199999999998,71119.69,33385.0,243069.44999999937,560808.2799999998,6.758065488516006,7.95154429899992,12.801715527249987,14.18127624066013,dffb4d6f2fe1459db6f1cff6d123c4715580c84d,2026-09-16T16:07:08Z,,,
ego,0,2,swebench_verified,500,500,0.0,0.0,0.0,0.0,0.0,,,,,,,0.0,100.0,0.0,0.0,0.0,0.0,1.0,0.0,0.0,0.0,0.0,0.0,0.0,0.026480561001998013,0.021384610000040993,0.05849511405006065,0.08946071175006409,dffb4d6f2fe1459db6f1cff6d123c4715580c84d,2026-09-16T16:07:08Z,,,
ego,128000,2,swebench_verified,500,500,1.0,0.06484505367729011,0.10603264282650202,0.1913343935200136,0.07625653344314452,,,,,,,100.0,0.0,0.0,0.0,41.5,336.9999999999991,1.0,145.0,761.0999999999999,41309.958,28581.5,104195.34999999995,114305.34000000001,0.06388419884199766,0.04682466250005746,0.16656951005001014,0.2611863699898889,dffb4d6f2fe1459db6f1cff6d123c4715580c84d,2026-09-16T16:07:08Z,,,
ego,16000,2,swebench_verified,500,500,1.0,0.09646608597573203,0.15539697422539303,0.276469550391596,0.11272722561980059,,,,,,,100.0,0.0,0.0,0.0,21.0,97.19999999999982,1.0,87.0,180.04999999999995,10094.388,11101.0,13344.849999999999,14044.039999999999,0.061125148006000926,0.04605133300003672,0.1540367718000425,0.27913842062980615,dffb4d6f2fe1459db6f1cff6d123c4715580c84d,2026-09-16T16:07:08Z,,,
ego,32000,2,swebench_verified,500,500,1.0,0.07567650308790674,0.12419312029561187,0.2259355112000691,0.08903927599551151,,,,,,,100.0,0.0,0.0,0.0,30.0,163.29999999999973,1.0,119.5,312.099999999999,18250.204,21214.5,27549.449999999993,28899.050000000003,0.06148501695799996,0.04647701049998432,0.1524247502998946,0.24180443280987649,dffb4d6f2fe1459db6f1cff6d123c4715580c84d,2026-09-16T16:07:08Z,,,
ego,64000,2,swebench_verified,500,500,1.0,0.0678838300478823,0.11143856935569717,0.20228404786168613,0.07992446946986274,,,,,,,100.0,0.0,0.0,0.0,36.0,262.2999999999997,1.0,135.5,508.8499999999992,28886.66,27087.5,55388.0,58150.32,0.06251003005599341,0.0472093059998997,0.16069795499994358,0.23700661130979572,dffb4d6f2fe1459db6f1cff6d123c4715580c84d,2026-09-16T16:07:08Z,,,
ego,8000,2,swebench_verified,500,500,1.0,0.12939105986354696,0.20471164472525064,0.3504104151036698,0.15047558425298893,,,,,,,100.0,0.0,0.0,0.0,15.0,57.0,1.0,55.0,93.04999999999995,5138.6,5435.0,6430.699999999998,6812.509999999999,0.06020811154399917,0.045737002500004564,0.15369513025001383,0.24346202056999544,dffb4d6f2fe1459db6f1cff6d123c4715580c84d,2026-09-16T16:07:08Z,,,
ego,-1,3,contextbench_verified,494,494,0.9096597065999503,0.09260344377369376,0.13451119531356984,0.21960295139674504,0.10383800764376859,0.8651873339700755,0.06352449989931987,0.10263762669977965,0.24339859083718582,0.24339859083718582,494,76.51821862348179,0.0,23.481781376518217,0.19347246419107855,70.0,946.0,2.0,237.5,1892.499999999999,115453.18016194332,45084.5,414872.04999999993,1027199.8799999999,6.1466799825040415,4.198152475000029,15.999139367300064,28.29793302456014,dffb4d6f2fe1459db6f1cff6d123c4715580c84d,2026-09-16T16:12:03Z,0.23200532586340677,0.5705525414913001,494
ego,0,3,contextbench_verified,494,494,0.0,0.0,0.0,0.0,0.0,0.0,0.0,0.0,0.0,,494,0.0,100.0,0.0,0.0,0.0,0.0,2.0,0.0,0.0,0.0,0.0,0.0,0.0,0.06217373433198857,0.0434649649999983,0.16569278959988193,0.2172398324898381,dffb4d6f2fe1459db6f1cff6d123c4715580c84d,2026-09-16T16:12:03Z,0.0,0.0,494
ego,128000,3,contextbench_verified,494,494,0.9054115830535812,0.100011795736513,0.1472891051943024,0.24387863411824573,0.11270624648834449,0.8591328769653848,0.07041953100875582,0.11409113317386507,0.2418588079129025,0.2418588079129025,494,75.10121457489879,0.0,24.898785425101213,0.1955278442937845,53.0,305.0499999999999,2.0,192.0,924.6999999999999,46077.87044534413,33648.0,107817.04999999999,115312.68999999999,0.1953700323927166,0.12547794549993796,0.5291285199499269,1.064201069570024,dffb4d6f2fe1459db6f1cff6d123c4715580c84d,2026-09-16T16:12:03Z,0.23231690491934917,0.5599341475043764,494
ego,16000,3,contextbench_verified,494,494,0.8814534091357028,0.1520952783539589,0.21856468917716798,0.3437441427421225,0.17043233854456102,0.8119033423461807,0.10344701898886711,0.1604007519576922,0.24727911937307767,0.24727911937307767,494,70.04048582995951,0.0,29.959514170040485,0.2137341232178266,25.5,88.0,2.0,103.0,187.34999999999997,9355.935222672064,10049.5,13077.55,13827.87,0.19322797549999296,0.11811648850004985,0.504262609300018,1.0575732283001478,dffb4d6f2fe1459db6f1cff6d123c4715580c84d,2026-09-16T16:12:03Z,0.24979835205101145,0.4864907864408897,494
ego,32000,3,contextbench_verified,494,494,0.8922782539263153,0.12280330153640176,0.1804020181958715,0.2940011418246733,0.138488310799661,0.8370408200949976,0.085444694177905,0.13680081012028764,0.24296955736332493,0.24296955736332493,494,71.25506072874494,0.0,28.74493927125506,0.20217619405095397,36.0,142.69999999999993,2.0,147.5,333.9499999999994,17365.234817813765,19340.0,26846.149999999998,28102.67,0.19290037131174068,0.11553636999997252,0.5252975402500506,1.0413556708000578,dffb4d6f2fe1459db6f1cff6d123c4715580c84d,2026-09-16T16:12:03Z,0.2403427529164661,0.5254324377570954,494
ego,64000,3,contextbench_verified,494,494,0.8972259546243357,0.10655574516499468,0.15722886304492065,0.2598524775659258,0.12022351830007834,0.8516736667206611,0.07555042742940263,0.12191190296157338,0.2415154775769437,0.2415154775769437,494,72.2672064777328,0.0,27.732793522267208,0.20064018176220705,46.0,224.0,2.0,182.5,584.3499999999999,29703.4008097166,31818.0,54688.05,56621.1,0.19286316499999484,0.11994948900019153,0.5124907229498942,1.1150260351499626,dffb4d6f2fe1459db6f1cff6d123c4715580c84d,2026-09-16T16:12:03Z,0.23309037533219665,0.5483148640781368,494
ego,8000,3,contextbench_verified,494,494,0.8702760201332365,0.20867496715325135,0.28621321076874967,0.42067027500063897,0.23037050710802695,0.774166879823517,0.135446719496662,0.19987147251612603,0.2626341292747442,0.2626341292747442,494,68.42105263157895,0.0,31.57894736842105,0.22433332836277795,17.0,51.0,2.0,62.0,99.0,4737.372469635628,4899.5,6364.049999999999,6710.49,0.17432488075911692,0.11714636550004798,0.536848212500194,0.9035699209399963,dffb4d6f2fe1459db6f1cff6d123c4715580c84d,2026-09-16T16:12:03Z,0.2788560663485597,0.4410497088173523,494
ego,-1,3,polybench500,500,500,0.999547619047619,0.0794899118914107,0.1233848821709964,0.20491792169303222,0.09207558252227618,1.0,0.22426818524610634,0.3113432767098067,,,456,99.6,0.0,0.4,0.007382449924884291,102.5,1343.2499999999998,2.0,319.0,2080.0999999999963,114703.174,52497.0,456445.04999999964,671919.2399999998,7.8879188295079805,3.810418374500159,25.779150431299694,57.54036595381964,dffb4d6f2fe1459db6f1cff6d123c4715580c84d,2026-09-16T16:13:27Z,,,
ego,0,3,polybench500,500,500,0.0,0.0,0.0,0.0,0.0,0.0,0.0,0.0,,,456,0.0,100.0,0.0,0.0,0.0,0.0,2.0,0.0,0.0,0.0,0.0,0.0,0.0,0.07405051760599872,0.03508504299998094,0.3048192249999827,0.4451754653399211,dffb4d6f2fe1459db6f1cff6d123c4715580c84d,2026-09-16T16:13:27Z,,,
ego,128000,3,polybench500,500,500,0.999547619047619,0.09010827803041795,0.14281664191738447,0.2444083581790359,0.1050377812745982,1.0,0.2616126100375411,0.36556952243348806,,,456,99.6,0.0,0.4,0.007382449924884291,70.5,356.04999999999995,2.0,212.0,898.5499999999995,38479.378,27971.0,97794.05,105714.37999999998,0.28675808137000197,0.10101620999989791,1.0066417312999754,2.0420221407701327,dffb4d6f2fe1459db6f1cff6d123c4715580c84d,2026-09-16T16:13:27Z,,,
ego,16000,3,polybench500,500,500,0.998547619047619,0.15009962390004875,0.23075106652484867,0.3755034797750336,0.17327490431483353,1.0,0.3664586711966356,0.4917659988125435,,,456,99.4,0.0,0.6,0.02350735640153231,30.0,75.04999999999995,2.0,110.0,183.04999999999995,8757.966,9270.5,12574.65,13498.38,0.2855004158400029,0.10105865549996906,0.9973474686500581,2.0001089566402577,dffb4d6f2fe1459db6f1cff6d123c4715580c84d,2026-09-16T16:13:27Z,,,
ego,32000,3,polybench500,500,500,0.998547619047619,0.11402321210761589,0.1794227599832983,0.3039022777029085,0.1325434891162665,1.0,0.31409614596675683,0.43086295737358354,,,456,99.4,0.0,0.6,0.02350735640153231,47.0,139.04999999999995,2.0,161.5,337.14999999999986,16145.152,18167.0,25592.45,26627.7,0.2858599055179975,0.09890143300003729,0.9741998758998752,2.0387218609600257,dffb4d6f2fe1459db6f1cff6d123c4715580c84d,2026-09-16T16:13:27Z,,,
ego,64000,3,polybench500,500,500,0.998547619047619,0.09753033972982465,0.15444832407094541,0.26473308454977545,0.11360251437608426,1.0,0.27951410193599086,0.3887030208558712,,,456,99.4,0.0,0.6,0.02350735640153231,61.5,222.04999999999995,2.0,204.0,585.0,26445.238,25819.5,50017.69999999998,52800.63999999999,0.2882605156599975,0.1002785519998497,0.9650119081500506,2.110332377020172,dffb4d6f2fe1459db6f1cff6d123c4715580c84d,2026-09-16T16:13:27Z,,,
ego,8000,3,polybench500,500,500,0.9974171842650104,0.2215792798354653,0.3158734195683052,0.47383795457564765,0.24906663987925493,0.9982568600989654,0.42116407377806436,0.5487863095541325,,,456,99.2,0.0,0.8,0.03445251336498363,19.0,40.0,2.0,66.0,101.04999999999995,4481.8,4593.0,6109.049999999999,6744.1,0.26936020552399986,0.10223936450017845,1.0193990599002278,1.9202211001703424,dffb4d6f2fe1459db6f1cff6d123c4715580c84d,2026-09-16T16:13:27Z,,,
ego,-1,3,swebench_verified,500,500,1.0,0.05384257840006059,0.0906363552663078,0.16575617229616663,0.06405045259013904,,,,,,,100.0,0.0,0.0,0.0,56.5,1059.2999999999988,1.0,240.5,3309.3999999999833,135451.98,46584.5,569078.449999999,1104847.8199999996,7.143122738676,8.042774692500075,13.482258317149732,15.073625156630303,dffb4d6f2fe1459db6f1cff6d123c4715580c84d,2026-09-16T16:15:00Z,,,
ego,0,3,swebench_verified,500,500,0.0,0.0,0.0,0.0,0.0,,,,,,,0.0,100.0,0.0,0.0,0.0,0.0,1.0,0.0,0.0,0.0,0.0,0.0,0.0,0.09211471067998718,0.0955718565001007,0.1806133712997734,0.19844524505992012,dffb4d6f2fe1459db6f1cff6d123c4715580c84d,2026-09-16T16:15:00Z,,,
ego,128000,3,swebench_verified,500,500,1.0,0.055949872363692116,0.09474972656340513,0.1753592526693343,0.0666684078637772,,,,,,,100.0,0.0,0.0,0.0,49.0,445.2499999999998,1.0,208.5,1043.05,49736.146,41245.0,109139.84999999999,113776.59,0.21199558660200502,0.20113439250008014,0.44455105794984306,0.5595215607500262,dffb4d6f2fe1459db6f1cff6d123c4715580c84d,2026-09-16T16:15:00Z,,,
ego,16000,3,swebench_verified,500,500,1.0,0.08788547635096972,0.1449339285109246,0.2618155456985459,0.10364753115887027,,,,,,,100.0,0.0,0.0,0.0,23.0,117.04999999999995,1.0,101.0,194.14999999999986,9979.576,10808.0,13066.15,13748.769999999999,0.20889650363800047,0.20096016750017043,0.4409846569501495,0.5507602047399381,dffb4d6f2fe1459db6f1cff6d123c4715580c84d,2026-09-16T16:15:00Z,,,
ego,32000,3,swebench_verified,500,500,1.0,0.06728161059311699,0.11429518495338374,0.2126985282646992,0.08023309944515768,,,,,,,100.0,0.0,0.0,0.0,32.0,192.19999999999982,1.0,155.0,358.1999999999998,18948.652,21647.5,27041.95,28177.190000000002,0.21000401717200748,0.20006808899984208,0.4449394316503,0.5302048911201989,dffb4d6f2fe1459db6f1cff6d123c4715580c84d,2026-09-16T16:15:00Z,,,
ego,64000,3,swebench_verified,500,500,1.0,0.058811043905425874,0.09987521861215637,0.18599168034231725,0.07012697176075049,,,,,,,100.0,0.0,0.0,0.0,40.5,306.1999999999998,1.0,196.5,632.3499999999997,32349.848,36204.5,54325.64999999998,57286.31,0.21037646545000144,0.19903449499997805,0.44536611590015085,0.5387472643300086,dffb4d6f2fe1459db6f1cff6d123c4715580c84d,2026-09-16T16:15:00Z,,,
ego,8000,3,swebench_verified,500,500,1.0,0.116889888337991,0.18887367970783475,0.3287781636036703,0.13704787474507307,,,,,,,100.0,0.0,0.0,0.0,16.0,60.0,1.0,61.0,99.0,4972.156,5223.5,6264.799999999999,6575.22,0.2071169884419942,0.1986079985000515,0.43527616920033535,0.5616530101297394,dffb4d6f2fe1459db6f1cff6d123c4715580c84d,2026-09-16T16:15:00Z,,,
ego,-1,4,contextbench_verified,494,494,0.9096597065999503,0.09114379550378837,0.13232535592737873,0.21626443807099643,0.1021624991335877,0.8674323964125065,0.06175188267447804,0.09997562643512446,0.2433729023583556,0.2433729023583556,494,76.51821862348179,0.0,23.481781376518217,0.19347246419107855,72.5,999.1499999999996,2.0,254.5,2098.6499999999996,120121.3097165992,47817.0,421981.0999999996,978819.9899999999,6.406402382633602,4.231141238999726,16.826144046399662,30.6160055346202,dffb4d6f2fe1459db6f1cff6d123c4715580c84d,2026-09-16T16:15:09Z,0.2300526885392228,0.5751650741428957,494
ego,0,4,contextbench_verified,494,494,0.0,0.0,0.0,0.0,0.0,0.0,0.0,0.0,0.0,,494,0.0,100.0,0.0,0.0,0.0,0.0,2.0,0.0,0.0,0.0,0.0,0.0,0.0,0.08638149498987745,0.04671226399977968,0.23017744944989998,0.29361641586975323,dffb4d6f2fe1459db6f1cff6d123c4715580c84d,2026-09-16T16:15:09Z,0.0,0.0,494
ego,128000,4,contextbench_verified,494,494,0.9052669908037257,0.09873398817903346,0.14544151637207364,0.24125196984177186,0.11125378346695684,0.8606824646562768,0.06886376304945432,0.1117734889914545,0.24181569913784742,0.24181569913784742,494,75.10121457489879,0.0,24.898785425101213,0.19574823544425016,54.0,324.7999999999997,2.0,198.5,954.3999999999999,46504.42914979757,34282.5,106632.44999999998,115031.76000000001,0.2540544374939291,0.1392596409999669,0.7096159252500114,1.3013328883899635,dffb4d6f2fe1459db6f1cff6d123c4715580c84d,2026-09-16T16:15:09Z,0.2304509202871202,0.5637410784064952,494
ego,16000,4,contextbench_verified,494,494,0.8793744938988929,0.15218993877641943,0.2180059588299524,0.34182151795778143,0.1703624212648101,0.8098321295209193,0.10191472288931484,0.15804574025150278,0.24823405870179646,0.24823405870179646,494,69.63562753036437,0.0,30.364372469635626,0.21558032941978497,26.0,88.34999999999997,2.0,105.0,192.69999999999993,9312.295546558704,9963.0,13093.0,13713.669999999998,0.2522709861801593,0.1322586945002513,0.6625815072998532,1.39507035867005,dffb4d6f2fe1459db6f1cff6d123c4715580c84d,2026-09-16T16:15:09Z,0.24869248534084168,0.4853429643701098,494
ego,32000,4,contextbench_verified,494,494,0.8913180380538189,0.12206082808236181,0.17905788690196142,0.2916280212643411,0.13757570512646997,0.8379588733498523,0.08392678792284634,0.13443818765839968,0.24280636425874302,0.24280636425874302,494,71.25506072874494,0.0,28.74493927125506,0.20413790876991905,36.0,145.34999999999997,2.0,157.0,340.1499999999997,17312.44939271255,19185.5,26433.999999999996,28373.319999999996,0.2491483856943309,0.13569312300001002,0.714795793500218,1.4051912452899205,dffb4d6f2fe1459db6f1cff6d123c4715580c84d,2026-09-16T16:15:09Z,0.23936707940223173,0.527101996671918,494
ego,64000,4,contextbench_verified,494,494,0.896587785126517,0.10549194974164951,0.15567004967655618,0.2576485548726365,0.11900729343253304,0.8529731693465643,0.07408818729829178,0.11973264879202926,0.24174037475916046,0.24174037475916046,494,72.2672064777328,0.0,27.732793522267208,0.20153100721035747,46.5,228.0,2.0,190.0,595.05,29727.105263157893,31767.0,54437.25,56386.81,0.2517812282692311,0.13855670499992812,0.7161129422002546,1.2532187602002267,dffb4d6f2fe1459db6f1cff6d123c4715580c84d,2026-09-16T16:15:09Z,0.23155901030632395,0.5515255403176637,494
ego,8000,4,contextbench_verified,494,494,0.8681786292200561,0.20679356229332688,0.2833054835140316,0.4162214451339151,0.2281818902638935,0.7737751927144977,0.13380980310903728,0.19714507544938129,0.26447804204781694,0.26447804204781694,494,68.01619433198381,0.0,31.983805668016196,0.2249547291282522,17.0,51.349999999999966,2.0,63.0,100.34999999999997,4693.742914979757,4831.0,6302.35,6625.739999999999,0.23660841370647342,0.1297397070002262,0.6609503790000075,1.2304474912500014,dffb4d6f2fe1459db6f1cff6d123c4715580c84d,2026-09-16T16:15:09Z,0.27859406169427353,0.4414365707294374,494
ego,-1,4,polybench500,500,500,0.999547619047619,0.07743508082480068,0.12095880910196155,0.20140815165696435,0.08993463922505456,1.0,0.22221550256109465,0.3077909211464166,,,456,99.6,0.0,0.4,0.007382449924884291,107.0,1534.6499999999994,2.0,329.5,2307.949999999998,122099.018,53422.0,492879.1999999996,810563.59,8.044314001724008,3.884027427000092,27.54157942154946,60.832433457080036,dffb4d6f2fe1459db6f1cff6d123c4715580c84d,2026-09-16T16:22:02Z,,,
ego,0,4,polybench500,500,500,0.0,0.0,0.0,0.0,0.0,0.0,0.0,0.0,,,456,0.0,100.0,0.0,0.0,0.0,0.0,2.0,0.0,0.0,0.0,0.0,0.0,0.0,0.10833365628200681,0.047516849000203365,0.44055309315019686,0.590509270449729,dffb4d6f2fe1459db6f1cff6d123c4715580c84d,2026-09-16T16:22:02Z,,,
ego,128000,4,polybench500,500,500,0.999547619047619,0.08747850808919452,0.13940371792699768,0.2392364218707705,0.10220604411209853,1.0,0.2593067117133458,0.3619045506194621,,,456,99.6,0.0,0.4,0.007382449924884291,72.5,360.8999999999992,2.0,227.5,947.7999999999993,39281.422,28953.5,95890.34999999998,104784.61,0.3938636762380229,0.13373621350024223,1.4310321665499257,2.9189665181201616,dffb4d6f2fe1459db6f1cff6d123c4715580c84d,2026-09-16T16:22:02Z,,,
ego,16000,4,polybench500,500,500,0.998547619047619,0.14675325920505297,0.22677700766435765,0.3707336674214902,0.1697336753666011,1.0,0.36394077145727416,0.48892807937187993,,,456,99.4,0.0,0.6,0.02350735640153231,31.0,79.0,2.0,113.0,188.04999999999995,8721.286,9182.5,12489.2,13125.959999999997,0.38973916377399564,0.1303431645001183,1.4728225392000465,3.012313557559723,dffb4d6f2fe1459db6f1cff6d123c4715580c84d,2026-09-16T16:22:02Z,,,
ego,32000,4,polybench500,500,500,0.998547619047619,0.1110847976009554,0.17577670520890185,0.2990670527321871,0.12940508608654888,1.0,0.3121530790723602,0.42792698740597446,,,456,99.4,0.0,0.6,0.02350735640153231,47.5,143.0,2.0,171.0,345.2499999999998,16208.782,18311.5,25310.05,26671.52,0.3984871636520138,0.13222354200001973,1.443721326449871,3.083167818849879,dffb4d6f2fe1459db6f1cff6d123c4715580c84d,2026-09-16T16:22:02Z,,,
ego,64000,4,polybench500,500,500,0.999547619047619,0.09485719357790287,0.1510247197196448,0.2598149380150066,0.11073041616704185,1.0,0.27772647612825896,0.3858665479411478,,,456,99.6,0.0,0.4,0.007382449924884291,64.0,229.19999999999982,2.0,214.5,609.0999999999999,26653.924,26503.5,49650.899999999994,54144.979999999996,0.3990826900880156,0.13097879249994548,1.4768388716503977,3.074323582090349,dffb4d6f2fe1459db6f1cff6d123c4715580c84d,2026-09-16T16:22:02Z,,,
ego,8000,4,polybench500,500,500,0.9974171842650104,0.21690478425387005,0.3101682708917471,0.46714368684788965,0.24406408149327383,0.9982568600989654,0.41575490546811505,0.5434572285724686,,,456,99.2,0.0,0.8,0.03445251336498363,19.0,44.0,2.0,68.0,102.04999999999995,4439.732,4540.0,6047.15,6739.05,0.3676216113299979,0.1269016334999833,1.4520597428500417,2.6892986213699737,dffb4d6f2fe1459db6f1cff6d123c4715580c84d,2026-09-16T16:22:02Z,,,
ego,-1,4,swebench_verified,500,500,1.0,0.05284597055050127,0.0890815574590352,0.16332046938945394,0.06288844227791672,,,,,,,100.0,0.0,0.0,0.0,57.0,1197.2499999999998,1.0,257.5,3602.4499999999935,143723.016,47645.5,637243.8999999979,1178222.0999999992,7.083832474944013,6.752592764999918,14.0411392269001,15.829400564280208,dffb4d6f2fe1459db6f1cff6d123c4715580c84d,2026-09-16T16:24:05Z,,,
ego,0,4,swebench_verified,500,500,0.0,0.0,0.0,0.0,0.0,,,,,,,0.0,100.0,0.0,0.0,0.0,0.0,1.0,0.0,0.0,0.0,0.0,0.0,0.0,0.12652533945600225,0.13535093900009088,0.22406391664997044,0.2355189828899438,dffb4d6f2fe1459db6f1cff6d123c4715580c84d,2026-09-16T16:24:05Z,,,
ego,128000,4,swebench_verified,500,500,1.0,0.05502485340048297,0.09332908688357394,0.1732079010368646,0.06559439178832535,,,,,,,100.0,0.0,0.0,0.0,49.0,487.0,1.0,223.5,1090.2499999999998,50108.58,41641.5,106985.49999999999,113141.41,0.2894366620180008,0.30264204850004717,0.5574956409498781,0.6898373481900579,dffb4d6f2fe1459db6f1cff6d123c4715580c84d,2026-09-16T16:24:05Z,,,
ego,16000,4,swebench_verified,500,500,1.0,0.08687507268951741,0.1434450447122064,0.25936741811703057,0.10249837532292691,,,,,,,100.0,0.0,0.0,0.0,23.0,117.19999999999982,1.0,105.0,200.04999999999995,9877.78,10637.5,13090.55,13574.42,0.28398309376001907,0.30430551750009727,0.5303066026501027,0.6997839264499859,dffb4d6f2fe1459db6f1cff6d123c4715580c84d,2026-09-16T16:24:05Z,,,
ego,32000,4,swebench_verified,500,500,1.0,0.06647543267239661,0.11297846576294171,0.2104373930542863,0.07928170744311525,,,,,,,100.0,0.0,0.0,0.0,32.0,197.19999999999982,1.0,159.0,360.14999999999986,18864.064,21586.0,26833.05,28144.949999999997,0.28745814784199863,0.30280541849992915,0.5452292709001993,0.7228117663700776,dffb4d6f2fe1459db6f1cff6d123c4715580c84d,2026-09-16T16:24:05Z,,,
ego,64000,4,swebench_verified,500,500,1.0,0.05781650724272248,0.09832866223561368,0.18360334424822466,0.06896820545087512,,,,,,,100.0,0.0,0.0,0.0,41.0,309.39999999999964,1.0,206.5,641.05,32413.4,36592.5,54116.950000000004,56993.049999999996,0.2878230117760004,0.3048484284997812,0.5444024559996705,0.6583928866899986,dffb4d6f2fe1459db6f1cff6d123c4715580c84d,2026-09-16T16:24:05Z,,,
ego,8000,4,swebench_verified,500,500,1.0,0.11322427579104308,0.1842231962054226,0.32234092681419524,0.13310314562885844,,,,,,,100.0,0.0,0.0,0.0,16.0,61.09999999999991,1.0,63.0,105.04999999999995,4886.28,5130.5,6181.749999999999,6548.05,0.28423523478000334,0.3000124679997498,0.5271990249502096,0.6951612603098783,dffb4d6f2fe1459db6f1cff6d123c4715580c84d,2026-09-16T16:24:05Z,,,
internal-bm25,-1,-1,contextbench_verified,494,494,0.944526794310946,0.03982658565034831,0.06249810706209631,0.11277711291415872,0.045551099447417615,0.8254085760277592,0.050248097791708926,0.07898563798609552,0.29764197491997896,0.29764197491997896,494,83.19838056680162,0.0,16.80161943319838,0.1480899668584178,321.5,1497.2999999999975,2.0,407.0,1841.9499999999973,113463.1032388664,73060.0,373919.19999999984,493162.94999999995,5.024579577214565,3.368918275999931,13.381659453499974,22.230331543669735,dffb4d6f2fe1459db6f1cff6d123c4715580c84d,2026-09-16T16:33:37Z,0.31861024038649444,0.5115689467712531,494
internal-bm25,0,-1,contextbench_verified,494,494,0.0,0.0,0.0,0.0,0.0,0.0,0.0,0.0,0.0,,494,0.0,100.0,0.0,0.0,0.0,0.0,2.0,0.0,0.0,0.0,0.0,0.0,0.0,0.0773870213623525,0.04477547949977634,0.20562100949989592,0.3780015130598439,dffb4d6f2fe1459db6f1cff6d123c4715580c84d,2026-09-16T16:33:37Z,0.0,0.0,494
internal-bm25,128000,-1,contextbench_verified,494,494,0.9203920023633811,0.08733441129297308,0.1407672264669066,0.24729655374621995,0.1017672819599845,0.8166278233611721,0.10416474277431746,0.16057542386088886,0.2913277411771312,0.2913277411771312,494,75.7085020242915,0.0,24.291497975708502,0.16876372444829538,46.0,262.49999999999966,2.0,93.5,715.05,16202.550607287449,10088.0,59335.84999999995,89693.70999999999,0.3096343014999971,0.14141779399983534,0.941362228350179,2.1805915298599694,dffb4d6f2fe1459db6f1cff6d123c4715580c84d,2026-09-16T16:33:37Z,0.3083554064179477,0.5036860949113227,494
internal-bm25,16000,-1,contextbench_verified,494,494,0.8909202280065465,0.15861398532047993,0.23520669015634524,0.36814477225815245,0.18029516343291993,0.7890781955281393,0.14555773278233167,0.2112615030368583,0.2822993416002639,0.2822993416002639,494,70.64777327935222,0.0,29.352226720647774,0.19672602052955948,23.0,93.34999999999997,2.0,72.0,205.34999999999997,5501.208502024291,5195.5,10845.75,11799.509999999998,0.3083343670647719,0.14231869700029165,0.9286372986499596,2.0014834429097066,dffb4d6f2fe1459db6f1cff6d123c4715580c84d,2026-09-16T16:33:37Z,0.3030400342136453,0.4599939779817293,494
internal-bm25,32000,-1,contextbench_verified,494,494,0.9015956078247465,0.13098958180891093,0.20070595700686547,0.3266192648202112,0.15052101531534728,0.8036628854551423,0.13218557481056079,0.19585140291873457,0.28625620496747184,0.28625620496747184,494,73.07692307692308,0.0,26.923076923076923,0.1899043164112367,27.0,158.34999999999997,2.0,76.5,354.0,8289.572874493928,6078.0,20424.2,23482.59999999999,0.3107509667712534,0.14336306199993487,0.9522214696498845,2.103681027409887,dffb4d6f2fe1459db6f1cff6d123c4715580c84d,2026-09-16T16:33:37Z,0.3041145033463212,0.48535741115653996,494
internal-bm25,64000,-1,contextbench_verified,494,494,0.9147514359772008,0.10827751163440581,0.17100524728059818,0.2895213646486635,0.1255773926626874,0.8142186286026085,0.1187252660538017,0.17963591048463365,0.28860012410323815,0.28860012410323815,494,74.2914979757085,0.0,25.708502024291498,0.17197464136617047,34.0,230.74999999999983,2.0,81.0,556.6999999999999,11821.35020242915,7376.5,38653.499999999985,47162.969999999994,0.3168937984696429,0.14083576350003568,0.913964325849838,2.361918459529973,dffb4d6f2fe1459db6f1cff6d123c4715580c84d,2026-09-16T16:33:37Z,0.30671185977597093,0.49736796417875256,494
internal-bm25,8000,-1,contextbench_verified,494,494,0.8808459026071437,0.20558863369969999,0.2874625398563975,0.4235972392047958,0.22878308833220412,0.7681529109631585,0.17067573408003134,0.23786258584351633,0.2882163776575028,0.2882163776575028,494,69.63562753036437,0.0,30.364372469635626,0.2067417118330081,18.0,54.0,2.0,56.0,109.0,3418.637651821862,3614.5,5701.7,6349.31,0.27906436842510857,0.14344703050005592,0.9037474403499568,1.8806331441495965,dffb4d6f2fe1459db6f1cff6d123c4715580c84d,2026-09-16T16:33:37Z,0.3181000647215971,0.4351799590819239,494
internal-bm25,-1,-1,polybench500,500,500,0.999547619047619,0.03571916052286109,0.05764250318839698,0.10675685303916739,0.041614187504258444,1.0,0.14839160620280742,0.21491321864639898,,,456,99.6,0.0,0.4,0.007382449924884291,395.5,2234.049999999999,2.0,469.0,2331.25,160749.322,76439.5,473063.7499999999,541109.5,6.368054605752008,3.0606469759998163,19.8491351391496,44.938519634749724,dffb4d6f2fe1459db6f1cff6d123c4715580c84d,2026-09-16T16:42:14Z,,,
internal-bm25,0,-1,polybench500,500,500,0.0,0.0,0.0,0.0,0.0,0.0,0.0,0.0,,,456,0.0,100.0,0.0,0.0,0.0,0.0,2.0,0.0,0.0,0.0,0.0,0.0,0.0,0.1162652753859993,0.051042243500205586,0.4329362645500168,0.5556650670300404,dffb4d6f2fe1459db6f1cff6d123c4715580c84d,2026-09-16T16:42:14Z,,,
internal-bm25,128000,-1,polybench500,500,500,0.999547619047619,0.08645953064593653,0.14240512142598116,0.25743362852434776,0.10185214622223364,1.0,0.3253941094429281,0.4478314743649412,,,456,99.6,0.0,0.4,0.007382449924884291,41.0,246.59999999999945,2.0,87.0,523.9999999999991,14083.212,9404.5,41240.44999999994,79089.32999999999,0.585792999251993,0.16672160949997306,1.8718812383500334,4.049185605820169,dffb4d6f2fe1459db6f1cff6d123c4715580c84d,2026-09-16T16:42:14Z,,,
internal-bm25,16000,-1,polybench500,500,500,0.999547619047619,0.16156675153766806,0.2486830827750689,0.4036329933268568,0.18653297602773694,1.0,0.43733102024383563,0.560907338124474,,,456,99.6,0.0,0.4,0.007382449924884291,20.0,91.04999999999995,2.0,64.5,188.0,5230.896,4550.5,10531.349999999999,11646.41,0.5720103737280142,0.1579338330000155,1.9797036471498812,3.846189765040329,dffb4d6f2fe1459db6f1cff6d123c4715580c84d,2026-09-16T16:42:14Z,,,
internal-bm25,32000,-1,polybench500,500,500,0.999547619047619,0.12817755089281968,0.20432271616665731,0.3481993360015447,0.14960883073352452,1.0,0.40499707154939335,0.5285522326669777,,,456,99.6,0.0,0.4,0.007382449924884291,24.0,154.39999999999964,2.0,70.0,314.04999999999995,7672.386,5375.5,20025.15,22862.549999999996,0.5738379878440019,0.15483317799976248,1.9931728363499783,3.9289379911101463,dffb4d6f2fe1459db6f1cff6d123c4715580c84d,2026-09-16T16:42:14Z,,,
internal-bm25,64000,-1,polybench500,500,500,0.999547619047619,0.10618658331038086,0.17257928655578955,0.3034156878519552,0.12466484717284036,1.0,0.36826134704689495,0.4926394853412327,,,456,99.6,0.0,0.4,0.007382449924884291,30.5,228.49999999999955,2.0,74.5,464.04999999999995,10405.674,6695.5,34630.74999999993,44644.52,0.5904536678399872,0.1610620614999334,1.9146878925001591,3.599441120560005,dffb4d6f2fe1459db6f1cff6d123c4715580c84d,2026-09-16T16:42:14Z,,,
internal-bm25,8000,-1,polybench500,500,500,0.9984171842650104,0.21619584537524297,0.31157941566700426,0.47303148961658353,0.24378517599043645,0.9982568600989654,0.46843705296050137,0.5909523978598537,,,456,99.4,0.0,0.6,0.026289566535687783,16.0,50.049999999999955,2.0,54.0,104.0,3297.754,3416.0,5464.15,6439.409999999999,0.5305091234439943,0.1546748360001402,1.9246467227502528,4.005954477780191,dffb4d6f2fe1459db6f1cff6d123c4715580c84d,2026-09-16T16:42:14Z,,,
internal-bm25,-1,-1,swebench_verified,500,500,1.0,0.01750409990970036,0.02734373560997427,0.04718069424060013,0.020271949020310206,,,,,,,100.0,0.0,0.0,0.0,621.0,1767.8499999999992,1.0,757.5,1950.1999999999998,113106.372,115362.0,226283.5499999997,287822.92999999976,5.247476439000034,5.97646250050002,9.855763393599135,10.64519948417938,dffb4d6f2fe1459db6f1cff6d123c4715580c84d,2026-09-16T16:54:03Z,,,
internal-bm25,0,-1,swebench_verified,500,500,0.0,0.0,0.0,0.0,0.0,,,,,,,0.0,100.0,0.0,0.0,0.0,0.0,1.0,0.0,0.0,0.0,0.0,0.0,0.0,0.10591877438999472,0.1081767939999736,0.19316464249941417,0.20997740393960154,dffb4d6f2fe1459db6f1cff6d123c4715580c84d,2026-09-16T16:54:03Z,,,
internal-bm25,128000,-1,swebench_verified,500,500,1.0,0.03742446408852032,0.06514606613489211,0.12993168871324087,0.04483465244843033,,,,,,,100.0,0.0,0.0,0.0,56.0,336.14999999999986,1.0,124.0,917.0,18595.434,10638.0,68754.44999999992,90590.07999999999,0.29221269357600793,0.30427210349989764,0.5787673882999568,0.7289023108297074,dffb4d6f2fe1459db6f1cff6d123c4715580c84d,2026-09-16T16:54:03Z,,,
internal-bm25,16000,-1,swebench_verified,500,500,1.0,0.07944368184214577,0.1331499691086461,0.24474041197048177,0.09416560198111641,,,,,,,100.0,0.0,0.0,0.0,27.0,101.19999999999982,1.0,93.0,218.0,5855.472,6137.0,10759.549999999996,11979.339999999998,0.2921919828079899,0.307817847500246,0.5761994140494607,0.7508513287595633,dffb4d6f2fe1459db6f1cff6d123c4715580c84d,2026-09-16T16:54:03Z,,,
internal-bm25,32000,-1,swebench_verified,500,500,1.0,0.0608165108529298,0.10576983230791955,0.20349611064938203,0.0729899380434742,,,,,,,100.0,0.0,0.0,0.0,31.5,173.0,1.0,98.0,397.04999999999995,9083.202,6939.5,21274.399999999998,24251.5,0.2927101966260052,0.30345809750042463,0.584442144950026,0.6913469532095041,dffb4d6f2fe1459db6f1cff6d123c4715580c84d,2026-09-16T16:54:03Z,,,
internal-bm25,64000,-1,swebench_verified,500,500,1.0,0.04838966793408293,0.08469692558129863,0.16700497769555953,0.05813271676653047,,,,,,,100.0,0.0,0.0,0.0,40.0,262.1999999999998,1.0,104.5,659.2499999999998,13256.814,8200.5,40766.49999999999,48267.62999999998,0.2923557455240352,0.3015009875002761,0.5730591270999863,0.7452087924300936,dffb4d6f2fe1459db6f1cff6d123c4715580c84d,2026-09-16T16:54:03Z,,,
internal-bm25,8000,-1,swebench_verified,500,500,1.0,0.1003402109251514,0.1649510772818274,0.2927360985009585,0.11832554534652705,,,,,,,100.0,0.0,0.0,0.0,22.0,58.049999999999955,1.0,70.0,114.0,3427.406,3736.5,5453.549999999997,6011.879999999997,0.2914550896440178,0.3073219500001869,0.5784342492000177,0.7448782746102369,dffb4d6f2fe1459db6f1cff6d123c4715580c84d,2026-09-16T16:54:03Z,,,
pit,-1,-1,contextbench_verified,494,494,0.9092813568794953,0.086949067511124,0.12666045265769993,0.20805015021178253,0.09756941820432527,0.8747803162452348,0.058605492902088316,0.09526744561657909,0.23880286691039346,0.23880286691039346,494,76.51821862348179,0.0,23.481781376518217,0.19446398430521852,79.0,1113.8999999999996,2.0,298.5,2636.4999999999977,132760.44736842104,49965.0,486103.55,1108340.279999999,6.261707620747001,4.154579639000076,16.407022626649592,34.15607769031954,dffb4d6f2fe1459db6f1cff6d123c4715580c84d,2026-09-16T17:59:31Z,0.21957715959058668,0.5898998531815878,494
pit,0,-1,contextbench_verified,494,494,0.0,0.0,0.0,0.0,0.0,0.0,0.0,0.0,0.0,,494,0.0,100.0,0.0,0.0,0.0,0.0,2.0,0.0,0.0,0.0,0.0,0.0,0.0,0.07369065631981446,0.04328922500098997,0.20155715874943775,0.31297615249095534,dffb4d6f2fe1459db6f1cff6d123c4715580c84d,2026-09-16T17:59:31Z,0.0,0.0,494
pit,128000,-1,contextbench_verified,494,494,0.9054137373320512,0.0952220641109562,0.14077145904944793,0.23451646255191413,0.10743492169288991,0.8687433105700361,0.06621646196663411,0.10766752465189543,0.23791134234173925,0.23791134234173925,494,75.30364372469636,0.0,24.696356275303643,0.19740526420137716,55.0,366.0499999999999,2.0,228.5,1109.2999999999993,47268.53238866397,36563.5,105214.65,111646.84,0.23873258865380473,0.13899172649962566,0.7108228032007898,1.3288039326401302,dffb4d6f2fe1459db6f1cff6d123c4715580c84d,2026-09-16T17:59:31Z,0.2214235612702378,0.5778826502078621,494
pit,16000,-1,contextbench_verified,494,494,0.879776394629741,0.1493371818086203,0.21402635773840123,0.3352949677651397,0.16722356212376624,0.8169690852380272,0.09886215515959004,0.1535921474741097,0.24823828594859712,0.24823828594859712,494,69.43319838056681,0.0,30.5668016194332,0.21557579572930347,27.5,106.34999999999997,2.0,120.0,207.39999999999986,8989.524291497975,9212.5,12750.199999999999,13571.13,0.23433887863156333,0.13008342099874426,0.7266455934494837,1.195882724189814,dffb4d6f2fe1459db6f1cff6d123c4715580c84d,2026-09-16T17:59:31Z,0.24207572004069777,0.4941988389258541,494
pit,32000,-1,contextbench_verified,494,494,0.8917295322938875,0.1191932907559923,0.17578637896854923,0.2868279635425301,0.13464354943327117,0.8399907353559153,0.08113325982826926,0.13004464265596882,0.2378143631604531,0.2378143631604531,494,71.4574898785425,0.0,28.54251012145749,0.20585072794988674,37.0,186.74999999999983,2.0,175.0,382.0499999999999,16914.97975708502,18335.0,25968.5,27555.17,0.23556568198380604,0.13189031100046122,0.7446357419495133,1.2329482259709763,dffb4d6f2fe1459db6f1cff6d123c4715580c84d,2026-09-16T17:59:31Z,0.22556629681201892,0.5339352638743277,494
pit,64000,-1,contextbench_verified,494,494,0.8969228628681045,0.10224670716325732,0.15137407136631326,0.2513402650661327,0.11549202731113513,0.8578739243791637,0.07131849910070903,0.11553660975073393,0.2369524805220228,0.2369524805220228,494,72.67206477732793,0.0,27.327935222672064,0.2018947377644979,47.5,273.39999999999986,2.0,216.5,664.6999999999992,29505.04048582996,32112.5,52100.549999999996,55295.67999999999,0.23514980776517883,0.13052415600031964,0.7097771863493108,1.3218100689700618,dffb4d6f2fe1459db6f1cff6d123c4715580c84d,2026-09-16T17:59:31Z,0.2209715587932598,0.5631438938290914,494
pit,8000,-1,contextbench_verified,494,494,0.8714383081376297,0.2094554568810332,0.2842316701186167,0.41495648685095177,0.23021011847873366,0.7770935381107834,0.1310079283512013,0.19327762670690668,0.2654569168761291,0.2654569168761291,494,68.82591093117409,0.0,31.17408906882591,0.22332569200023722,18.0,57.0,2.0,70.0,109.0,4491.734817813765,4543.5,6199.399999999998,6688.1,0.22274424901620532,0.12590625650045695,0.7156528180501482,1.0768314125695355,dffb4d6f2fe1459db6f1cff6d123c4715580c84d,2026-09-16T17:59:31Z,0.2765362400510111,0.4436206820549762,494
pit,-1,-1,polybench500,500,500,0.999547619047619,0.07504582876504275,0.11748871220301066,0.19617927163872917,0.08722094910741668,1.0,0.22480466392630807,0.3108749671048447,,,456,99.6,0.0,0.4,0.007382449924884291,111.5,1669.5999999999985,2.0,370.0,2642.45,136907.054,59101.5,518052.3499999998,713780.8199999996,8.119941570821961,3.7970721709998543,27.97356731504951,56.61162280318907,dffb4d6f2fe1459db6f1cff6d123c4715580c84d,2026-09-16T18:01:34Z,,,
pit,0,-1,polybench500,500,500,0.0,0.0,0.0,0.0,0.0,0.0,0.0,0.0,,,456,0.0,100.0,0.0,0.0,0.0,0.0,2.0,0.0,0.0,0.0,0.0,0.0,0.0,0.10523121461997288,0.043036232499616744,0.4015412599997944,0.4744012254691913,dffb4d6f2fe1459db6f1cff6d123c4715580c84d,2026-09-16T18:01:34Z,,,
pit,128000,-1,polybench500,500,500,0.999547619047619,0.08540267549721854,0.1364441643811886,0.2349741069448091,0.09986043323229485,1.0,0.26811373230763436,0.37246319470328104,,,456,99.6,0.0,0.4,0.007382449924884291,73.0,392.1999999999998,2.0,249.0,1073.6499999999985,40775.106,30450.5,95114.35,103540.34999999999,0.41092329128602434,0.12651793450004334,1.4588223503496907,2.794703678179718,dffb4d6f2fe1459db6f1cff6d123c4715580c84d,2026-09-16T18:01:34Z,,,
pit,16000,-1,polybench500,500,500,0.998547619047619,0.14766293201063965,0.22718509695517547,0.369904165718802,0.1705093892296021,1.0,0.37544193840673945,0.49991808242206476,,,456,99.4,0.0,0.6,0.02350735640153231,32.0,78.0,2.0,121.0,200.0,8586.646,8924.0,12264.35,13049.09,0.4119064885280204,0.12205728299977636,1.3893941041494116,2.5570466708300565,dffb4d6f2fe1459db6f1cff6d123c4715580c84d,2026-09-16T18:01:34Z,,,
pit,32000,-1,polybench500,500,500,0.998547619047619,0.11081885842424742,0.17549643524822953,0.29878409160540875,0.1291272969145088,1.0,0.32503086352063687,0.44174076359829734,,,456,99.4,0.0,0.6,0.02350735640153231,49.5,140.0,2.0,184.5,371.0,16095.014,17997.0,24889.949999999997,26413.18,0.4063287925099976,0.1216477424995901,1.4804548618499196,2.674385205559647,dffb4d6f2fe1459db6f1cff6d123c4715580c84d,2026-09-16T18:01:34Z,,,
pit,64000,-1,polybench500,500,500,0.999547619047619,0.09304813522546738,0.14837344642473202,0.2557178853618009,0.10867428044593398,1.0,0.28840719880608995,0.3982869504631497,,,456,99.6,0.0,0.4,0.007382449924884291,66.0,257.04999999999995,2.0,231.0,687.05,26857.034,27721.5,49267.79999999999,53585.54,0.4001356879820196,0.12353829449966724,1.4374587734003397,2.5431743701615375,dffb4d6f2fe1459db6f1cff6d123c4715580c84d,2026-09-16T18:01:34Z,,,
pit,8000,-1,polybench500,500,500,0.9974171842650104,0.219022199602573,0.31148441436357044,0.4662098622668275,0.24602502297346102,0.9982568600989654,0.4270995982971653,0.5527738293918452,,,456,99.2,0.0,0.8,0.03445251336498363,19.0,42.049999999999955,2.0,71.0,105.04999999999995,4349.522,4442.5,5902.05,6504.04,0.3837903987639256,0.126292319499953,1.358165708749219,2.418536096669813,dffb4d6f2fe1459db6f1cff6d123c4715580c84d,2026-09-16T18:01:34Z,,,
pit,-1,-1,swebench_verified,500,500,1.0,0.049257614553159204,0.08349887630758207,0.1547691700045122,0.05870609644228886,,,,,,,100.0,0.0,0.0,0.0,64.5,1830.5499999999995,1.0,297.0,4553.649999999999,152790.822,49473.0,640879.1999999997,1303850.2,7.322338098499986,7.701237952999691,14.483541531850276,16.14781358739774,dffb4d6f2fe1459db6f1cff6d123c4715580c84d,2026-09-16T18:06:30Z,,,
pit,0,-1,swebench_verified,500,500,0.0,0.0,0.0,0.0,0.0,,,,,,,0.0,100.0,0.0,0.0,0.0,0.0,1.0,0.0,0.0,0.0,0.0,0.0,0.0,0.09744642104998638,0.10291394100022444,0.1794545453003593,0.1920769644395659,dffb4d6f2fe1459db6f1cff6d123c4715580c84d,2026-09-16T18:06:30Z,,,
pit,128000,-1,swebench_verified,500,500,1.0,0.05143023878104565,0.08773360765880435,0.1646236390289292,0.0614041750570939,,,,,,,100.0,0.0,0.0,0.0,52.0,565.3499999999997,1.0,249.5,1282.6999999999994,50354.798,43264.5,105103.29999999999,111117.4,0.2505041667960104,0.2564181349998762,0.4972236056011752,0.6601670300208751,dffb4d6f2fe1459db6f1cff6d123c4715580c84d,2026-09-16T18:06:30Z,,,
pit,16000,-1,swebench_verified,500,500,1.0,0.08445692471530575,0.1397038492245611,0.2534201688075175,0.09969214282084315,,,,,,,100.0,0.0,0.0,0.0,24.0,110.0,1.0,119.5,215.04999999999995,9430.656,10007.5,12731.75,13526.91,0.24234067078400767,0.2514131150001049,0.4728123636985401,0.6041118702808307,dffb4d6f2fe1459db6f1cff6d123c4715580c84d,2026-09-16T18:06:30Z,,,
pit,32000,-1,swebench_verified,500,500,1.0,0.06374514237970531,0.10894547355962979,0.20450116816887137,0.0761530478746615,,,,,,,100.0,0.0,0.0,0.0,34.0,216.04999999999995,1.0,181.0,407.0,18207.512,20010.5,26140.5,28424.499999999996,0.24607981603400186,0.2535413325003901,0.4795864235504267,0.6270110612991809,dffb4d6f2fe1459db6f1cff6d123c4715580c84d,2026-09-16T18:06:30Z,,,
pit,64000,-1,swebench_verified,500,500,1.0,0.05461463964349191,0.09331876901536515,0.1757833350438555,0.06523152048161421,,,,,,,100.0,0.0,0.0,0.0,43.5,365.0999999999999,1.0,236.5,743.05,31838.374,34936.0,52660.149999999994,56561.92,0.2470032556460028,0.25567020350081293,0.47675931260073406,0.6144690897389226,dffb4d6f2fe1459db6f1cff6d123c4715580c84d,2026-09-16T18:06:30Z,,,
pit,8000,-1,swebench_verified,500,500,1.0,0.1124913143785211,0.1819690905783683,0.3178120100927891,0.13192162423091572,,,,,,,100.0,0.0,0.0,0.0,17.0,57.049999999999955,1.0,71.0,109.0,4633.264,4799.5,6089.549999999999,6518.569999999998,0.2438004823800802,0.25308619200040994,0.4876670679012931,0.5882472528200376,dffb4d6f2fe1459db6f1cff6d123c4715580c84d,2026-09-16T18:06:30Z,,,
pit,-1,0,contextbench_verified,494,494,0.9109513973653254,0.08708767460657409,0.12500000289222343,0.20371687382822923,0.09710465213746419,0.8771283503138111,0.05333316135961567,0.0868733157912735,0.23681932270085249,0.23681932270085249,494,76.92307692307692,0.0,23.076923076923077,0.1924784224948943,80.5,1268.1,2.0,344.5,3503.899999999996,139868.30971659918,53185.0,510883.94999999984,1205880.6399999994,6.348975530597059,4.060887071999787,17.150664660000068,28.057411308358194,dffb4d6f2fe1459db6f1cff6d123c4715580c84d,2026-09-16T18:07:40Z,0.21489421862881186,0.5932579015897879,494
pit,0,0,contextbench_verified,494,494,0.0,0.0,0.0,0.0,0.0,0.0,0.0,0.0,0.0,,494,0.0,100.0,0.0,0.0,0.0,0.0,2.0,0.0,0.0,0.0,0.0,0.0,0.0,0.07215281065988084,0.04232949549987097,0.20685650334962677,0.37290544134048104,dffb4d6f2fe1459db6f1cff6d123c4715580c84d,2026-09-16T18:07:40Z,0.0,0.0,494
pit,128000,0,contextbench_verified,494,494,0.9044417864178104,0.0921016117765647,0.1336889324585176,0.220342685265056,0.10312020914792996,0.8662219214880963,0.05833148271647199,0.09509665604080098,0.23392084603677932,0.23392084603677932,494,74.2914979757085,0.0,25.708502024291498,0.19567294369530217,66.0,461.2499999999995,2.0,278.5,1384.8499999999997,47073.5020242915,39612.5,101701.35,110025.49,0.24995035941697005,0.13581912750032643,0.7288582917995882,1.4758451958914154,dffb4d6f2fe1459db6f1cff6d123c4715580c84d,2026-09-16T18:07:40Z,0.21677840484530855,0.5717612621756538,494
pit,16000,0,contextbench_verified,494,494,0.8795274712964524,0.14638316354081762,0.20889706605279273,0.32679650586599546,0.16355681118534848,0.8099413561451541,0.0898478421942106,0.14086098623268867,0.24801641874036257,0.24801641874036257,494,69.23076923076923,0.0,30.76923076923077,0.2137378334909705,29.0,116.0499999999999,2.0,135.0,227.69999999999993,8380.410931174089,8517.0,12505.45,13468.1,0.24324258286238318,0.13204546399992978,0.751230408100309,1.3575261488397519,dffb4d6f2fe1459db6f1cff6d123c4715580c84d,2026-09-16T18:07:40Z,0.24520451907871077,0.4796178837638525,494
pit,32000,0,contextbench_verified,494,494,0.8916230466691811,0.11569959927341884,0.1679330938632353,0.27230354753123825,0.12980672045336944,0.8352482726360574,0.07214934284957238,0.11645028371776717,0.23691785112295186,0.23691785112295186,494,71.25506072874494,0.0,28.74493927125506,0.20462868163933098,44.0,200.0,2.0,201.5,442.34999999999997,15989.910931174089,16609.0,25582.800000000003,27577.120000000003,0.2416405664149786,0.13208223749916215,0.7396112358504066,1.3134587615103182,dffb4d6f2fe1459db6f1cff6d123c4715580c84d,2026-09-16T18:07:40Z,0.22569180585198076,0.5220434901672816,494
pit,64000,0,contextbench_verified,494,494,0.8983247896786991,0.09900675904601544,0.14457321809356485,0.23839691088528897,0.11116787219818337,0.8567885904655257,0.0626896232519734,0.10234451067577548,0.2349051518785575,0.2349051518785575,494,72.46963562753037,0.0,27.530364372469634,0.19924989078334554,58.0,344.74999999999983,2.0,259.5,792.0999999999998,28207.111336032387,29792.0,50925.049999999996,54674.97,0.24543190469029863,0.1348234160004722,0.741962469350528,1.426409172750827,dffb4d6f2fe1459db6f1cff6d123c4715580c84d,2026-09-16T18:07:40Z,0.21975166507537755,0.5546685400693339,494
pit,8000,0,contextbench_verified,494,494,0.8683834188404804,0.19847781788221974,0.27070040681118646,0.3988890807539512,0.2183690871440064,0.7664544090786221,0.12026761059178906,0.17767037905162544,0.26489251578480855,0.26489251578480855,494,67.61133603238866,0.0,32.388663967611336,0.22220970851221697,19.0,61.349999999999966,2.0,77.0,118.0,4219.113360323887,4216.5,6154.0999999999985,6598.919999999999,0.22380159393929047,0.12986659550006152,0.7130685406498728,1.2131830481198262,dffb4d6f2fe1459db6f1cff6d123c4715580c84d,2026-09-16T18:07:40Z,0.2799657983572944,0.428079173876969,494
pit,-1,0,polybench500,500,500,0.999547619047619,0.07243995025723944,0.11363618208355637,0.19026508337243253,0.08423969170462738,1.0,0.20658002079597668,0.28655327720762375,,,456,99.6,0.0,0.4,0.007382449924884291,123.0,1873.6999999999975,2.0,446.0,4035.2,142422.024,54892.5,589691.0999999996,869779.6599999998,8.185997038426066,3.752780132499538,27.71564136684946,53.838574108640294,dffb4d6f2fe1459db6f1cff6d123c4715580c84d,2026-09-16T18:10:59Z,,,
pit,0,0,polybench500,500,500,0.0,0.0,0.0,0.0,0.0,0.0,0.0,0.0,,,456,0.0,100.0,0.0,0.0,0.0,0.0,2.0,0.0,0.0,0.0,0.0,0.0,0.0,0.10473213140197914,0.04181636849898496,0.3971097106499652,0.5378069298102128,dffb4d6f2fe1459db6f1cff6d123c4715580c84d,2026-09-16T18:10:59Z,,,
pit,128000,0,polybench500,500,500,0.999547619047619,0.0787817281254621,0.12540996871012855,0.21531308769498467,0.09200669432869564,1.0,0.24160554706824833,0.33734722620849883,,,456,99.6,0.0,0.4,0.007382449924884291,89.0,587.4999999999995,2.0,317.5,1447.05,41587.42,34653.0,90190.34999999995,102083.93000000001,0.41158289881395105,0.1250701784992998,1.4227927759496162,2.7958895486610853,dffb4d6f2fe1459db6f1cff6d123c4715580c84d,2026-09-16T18:10:59Z,,,
pit,16000,0,polybench500,500,500,0.998547619047619,0.13750567707952852,0.21054170969732833,0.34406605102833215,0.15843500776920957,1.0,0.3490267463272083,0.46919905477610535,,,456,99.4,0.0,0.6,0.02350735640153231,37.0,99.0,2.0,136.5,228.04999999999995,7942.964,7981.5,11974.199999999999,12946.319999999998,0.41408807224795235,0.12322740599938697,1.4309612400998033,2.7698116869600744,dffb4d6f2fe1459db6f1cff6d123c4715580c84d,2026-09-16T18:10:59Z,,,
pit,32000,0,polybench500,500,500,0.998547619047619,0.10149562429514916,0.16146537609542444,0.2766025175257926,0.11846447965977339,1.0,0.3005233374918922,0.41130499651659663,,,456,99.4,0.0,0.6,0.02350735640153231,54.0,192.0999999999999,2.0,215.5,448.0,15087.822,15658.5,24303.55,26261.579999999998,0.41572102667196303,0.12251311049931246,1.4873784813491502,2.744812285949918,dffb4d6f2fe1459db6f1cff6d123c4715580c84d,2026-09-16T18:10:59Z,,,
pit,64000,0,polybench500,500,500,0.999547619047619,0.08477418858217212,0.13580419983503436,0.23507951453388415,0.09919729933849884,1.0,0.26201360198181656,0.36438554417455327,,,456,99.6,0.0,0.4,0.007382449924884291,74.5,373.39999999999964,2.0,287.5,817.0999999999999,26415.932,28104.0,48838.09999999999,52262.31,0.4141294597960623,0.12412371699974756,1.4847428391005433,2.7216202630504225,dffb4d6f2fe1459db6f1cff6d123c4715580c84d,2026-09-16T18:10:59Z,,,
pit,8000,0,polybench500,500,500,0.9974171842650104,0.20115639135792726,0.28719416648864127,0.4351567268405204,0.22610771352408962,0.9982568600989654,0.3951677635973371,0.5185176897940572,,,456,99.2,0.0,0.8,0.03445251336498363,23.0,52.049999999999955,2.0,79.0,118.04999999999995,4045.662,4145.5,5857.449999999999,6396.889999999999,0.39252616101400783,0.11653617000047234,1.43588261920031,2.558076193829692,dffb4d6f2fe1459db6f1cff6d123c4715580c84d,2026-09-16T18:10:59Z,,,
pit,-1,0,swebench_verified,500,500,1.0,0.0499841174923461,0.08309427234928599,0.15212100692140307,0.05912581088235758,,,,,,,100.0,0.0,0.0,0.0,64.0,1866.0,1.0,350.0,5233.399999999998,162444.166,51288.0,788138.5499999995,1340211.5599999998,7.187005692889946,7.378894989500623,13.778897753099224,15.111752776967332,dffb4d6f2fe1459db6f1cff6d123c4715580c84d,2026-09-16T18:15:30Z,,,
pit,0,0,swebench_verified,500,500,0.0,0.0,0.0,0.0,0.0,,,,,,,0.0,100.0,0.0,0.0,0.0,0.0,1.0,0.0,0.0,0.0,0.0,0.0,0.0,0.09227779315598308,0.09611350149953068,0.16858693174908693,0.18737358531134304,dffb4d6f2fe1459db6f1cff6d123c4715580c84d,2026-09-16T18:15:30Z,,,
pit,128000,0,swebench_verified,500,500,1.0,0.05160097029982719,0.08626230329725265,0.1596019569867441,0.06113637323277007,,,,,,,100.0,0.0,0.0,0.0,57.5,569.2999999999997,1.0,279.0,1375.6499999999994,50346.468,45758.0,102882.84999999999,109923.9,0.24830954461202054,0.2585832684999332,0.4890766636505759,0.6724529960499056,dffb4d6f2fe1459db6f1cff6d123c4715580c84d,2026-09-16T18:15:30Z,,,
pit,16000,0,swebench_verified,500,500,1.0,0.08170766625581698,0.13571590499947636,0.24694907967319846,0.09662134216785967,,,,,,,100.0,0.0,0.0,0.0,26.0,110.14999999999986,1.0,130.0,230.14999999999986,9006.228,9452.5,12510.1,13397.5,0.24420061465799517,0.25693532949935616,0.47082870520052883,0.6619087833996672,dffb4d6f2fe1459db6f1cff6d123c4715580c84d,2026-09-16T18:15:30Z,,,
pit,32000,0,swebench_verified,500,500,1.0,0.0629585483152421,0.10607100211438114,0.1978798506634643,0.07478399994923611,,,,,,,100.0,0.0,0.0,0.0,35.5,220.04999999999995,1.0,196.5,442.14999999999986,17501.57,19259.5,25830.849999999995,27592.019999999997,0.24411008740802936,0.25759183050013235,0.4725453419985568,0.6354604525698413,dffb4d6f2fe1459db6f1cff6d123c4715580c84d,2026-09-16T18:15:30Z,,,
pit,64000,0,swebench_verified,500,500,1.0,0.054549983901734975,0.09151015003513213,0.17047554826297442,0.06469355471597299,,,,,,,100.0,0.0,0.0,0.0,46.0,383.2999999999997,1.0,263.0,804.0,30997.364,33422.0,51539.6,56425.439999999995,0.24560289839588587,0.2587113679992399,0.48624595749915894,0.6528121166287928,dffb4d6f2fe1459db6f1cff6d123c4715580c84d,2026-09-16T18:15:30Z,,,
pit,8000,0,swebench_verified,500,500,1.0,0.10701825447860248,0.17438715104410382,0.30828288173386675,0.12575602404601752,,,,,,,100.0,0.0,0.0,0.0,18.0,56.049999999999955,1.0,76.5,116.04999999999995,4415.092,4497.5,5988.749999999999,6438.59,0.24092493598400688,0.2487406974996702,0.47061558529921965,0.6256992442613226,dffb4d6f2fe1459db6f1cff6d123c4715580c84d,2026-09-16T18:15:30Z,,,
pit,-1,1,contextbench_verified,494,494,0.909703084274907,0.0911464557491077,0.132336745312364,0.21664282985237163,0.10214907901559385,0.8742400333895491,0.06003081854926436,0.09768137012790816,0.2388603642861048,0.2388603642861048,494,76.51821862348179,0.0,23.481781376518217,0.19316496898591695,70.5,1003.2499999999995,2.0,291.5,2488.9499999999994,113659.27327935223,46195.0,454199.94999999995,1023628.3499999994,6.375300243121417,4.157667744500031,17.208505196750124,32.99950167690866,dffb4d6f2fe1459db6f1cff6d123c4715580c84d,2026-09-16T18:17:48Z,0.21861553202028577,0.5849917801686291,494
pit,0,1,contextbench_verified,494,494,0.0,0.0,0.0,0.0,0.0,0.0,0.0,0.0,0.0,,494,0.0,100.0,0.0,0.0,0.0,0.0,2.0,0.0,0.0,0.0,0.0,0.0,0.0,0.07297258479960918,0.04225707600107853,0.2012124410503019,0.3601488847005202,dffb4d6f2fe1459db6f1cff6d123c4715580c84d,2026-09-16T18:17:48Z,0.0,0.0,494
pit,128000,1,contextbench_verified,494,494,0.9055430670666441,0.09925855380738784,0.1460163747554423,0.24180415602569783,0.11179072093556874,0.8686885014811234,0.06731747340998752,0.10943702542988111,0.23811116075922523,0.23811116075922523,494,74.89878542510121,0.0,25.101214574898787,0.19558525764666015,55.0,342.3499999999993,2.0,228.0,1033.7999999999997,46167.24291497975,33682.5,106296.35,112528.93999999999,0.23869980131775842,0.1270399514996825,0.7461957888013782,1.4442887257903736,dffb4d6f2fe1459db6f1cff6d123c4715580c84d,2026-09-16T18:17:48Z,0.22047679221874875,0.5738587358799728,494
pit,16000,1,contextbench_verified,494,494,0.883083291551189,0.15371230856809898,0.2209227937134191,0.3453155118519211,0.1723592494900758,0.8198120309967962,0.10070009319857949,0.15638814087815686,0.2480536164637769,0.2480536164637769,494,69.83805668016194,0.0,30.161943319838056,0.21216804215146018,27.0,104.69999999999993,2.0,119.0,202.0,9039.192307692309,9479.5,12693.8,13664.449999999999,0.23520975040483322,0.12793664750006428,0.7423657153493878,1.2655787536214478,dffb4d6f2fe1459db6f1cff6d123c4715580c84d,2026-09-16T18:17:48Z,0.24101316395103356,0.496261571681953,494
pit,32000,1,contextbench_verified,494,494,0.8931634148991956,0.12239758291188038,0.1795494700190677,0.29227451571021407,0.1379379814973995,0.8441447547946684,0.08204117622177294,0.13164299237779192,0.24082841095248933,0.24082841095248933,494,71.86234817813765,0.0,28.13765182186235,0.20533952024067065,39.0,169.0499999999999,2.0,173.0,362.69999999999993,17043.495951417004,18665.0,25927.6,27584.109999999997,0.2384877139534054,0.12334543700035283,0.7425766164998076,1.3331995823904974,dffb4d6f2fe1459db6f1cff6d123c4715580c84d,2026-09-16T18:17:48Z,0.22683698872216376,0.5355709136219992,494
pit,64000,1,contextbench_verified,494,494,0.8995140966573993,0.10639234763616288,0.15690364495926126,0.25915844201068916,0.12000963914573771,0.8599189387226521,0.07284717568842537,0.1178383421096496,0.23834404527666037,0.23834404527666037,494,72.8744939271255,0.0,27.125506072874494,0.198991280316953,49.0,245.44999999999976,2.0,217.0,636.4499999999998,29229.95951417004,30499.5,52096.350000000006,54874.53,0.24054906812758006,0.1234094544997788,0.7604706527992675,1.413369711730411,dffb4d6f2fe1459db6f1cff6d123c4715580c84d,2026-09-16T18:17:48Z,0.22050558798176575,0.5616655515757969,494
pit,8000,1,contextbench_verified,494,494,0.873881923603691,0.20863684318986067,0.2854531091438518,0.4186750123839428,0.23006820972746161,0.7831201572353873,0.13331332222904646,0.19646619262885157,0.2672265928326972,0.2672265928326972,494,68.62348178137651,0.0,31.37651821862348,0.21919591851918868,17.5,58.0,2.0,70.0,109.0,4539.131578947368,4581.5,6242.049999999999,6681.99,0.2272930554474096,0.13223836250017484,0.7607916949494209,1.1389509322405666,dffb4d6f2fe1459db6f1cff6d123c4715580c84d,2026-09-16T18:17:48Z,0.27734208825979756,0.44753933540046653,494
pit,-1,1,polybench500,500,500,0.999547619047619,0.07837256604662458,0.12249461864677198,0.20348850688797795,0.09105918918323617,1.0,0.21937922425617704,0.30380583446615156,,,456,99.6,0.0,0.4,0.007382449924884291,105.0,1687.999999999999,2.0,355.0,2399.649999999997,118538.82,49219.0,480475.44999999966,590900.5499999996,8.132311994616044,3.853108723999867,27.870975926448857,53.782548859741524,dffb4d6f2fe1459db6f1cff6d123c4715580c84d,2026-09-16T18:18:57Z,,,
pit,0,1,polybench500,500,500,0.0,0.0,0.0,0.0,0.0,0.0,0.0,0.0,,,456,0.0,100.0,0.0,0.0,0.0,0.0,2.0,0.0,0.0,0.0,0.0,0.0,0.0,0.10503838301401265,0.04241109249960573,0.39960470320147556,0.49692001625951865,dffb4d6f2fe1459db6f1cff6d123c4715580c84d,2026-09-16T18:18:57Z,,,
pit,128000,1,polybench500,500,500,0.999547619047619,0.08842061677339819,0.14093165125574555,0.24120498899300263,0.10333411603068633,1.0,0.26082778087319936,0.363297858938206,,,456,99.6,0.0,0.4,0.007382449924884291,73.0,366.0,2.0,249.0,997.2999999999997,40457.374,29872.5,96391.95,103652.06,0.4094835116239883,0.12650945150016923,1.3870057222988172,2.5487415357103953,dffb4d6f2fe1459db6f1cff6d123c4715580c84d,2026-09-16T18:18:57Z,,,
pit,16000,1,polybench500,500,500,0.998547619047619,0.14813224780200265,0.22735958981935314,0.36945760340085404,0.17091568961756906,1.0,0.36053323337285975,0.4836703493180182,,,456,99.4,0.0,0.6,0.02350735640153231,32.0,79.04999999999995,2.0,121.5,202.04999999999995,8584.942,8886.0,12210.099999999999,13117.42,0.4124913704539249,0.1309454865004227,1.356059195249054,3.070010299769672,dffb4d6f2fe1459db6f1cff6d123c4715580c84d,2026-09-16T18:18:57Z,,,
pit,32000,1,polybench500,500,500,0.998547619047619,0.11203765416770058,0.1771179537663229,0.30041911508975905,0.13049193143974047,1.0,0.3135870158608901,0.4287352547077114,,,456,99.4,0.0,0.6,0.02350735640153231,50.0,138.0999999999999,2.0,181.0,356.0999999999999,16088.308,17988.0,24803.19999999999,26285.7,0.4097512760119607,0.1306344889999309,1.3652922257993836,2.6924301081998054,dffb4d6f2fe1459db6f1cff6d123c4715580c84d,2026-09-16T18:18:57Z,,,
pit,64000,1,polybench500,500,500,0.998547619047619,0.09514217864328481,0.15213107529337302,0.26104602485384104,0.11130920069603073,1.0,0.2791183440479147,0.3868453107949619,,,456,99.4,0.0,0.6,0.02350735640153231,64.5,224.29999999999973,2.0,229.5,610.0999999999999,27029.38,28330.0,49888.25,52623.13,0.41224525962002373,0.12547165149953798,1.3485809716008568,2.889309632661334,dffb4d6f2fe1459db6f1cff6d123c4715580c84d,2026-09-16T18:18:57Z,,,
pit,8000,1,polybench500,500,500,0.9974171842650104,0.2146217554605884,0.30611968186216115,0.46012330911565286,0.24130020506091868,0.9982568600989654,0.4098921559965746,0.5359529178403053,,,456,99.2,0.0,0.8,0.03445251336498363,20.0,44.0,2.0,71.0,105.04999999999995,4334.872,4399.0,5913.299999999999,6499.13,0.3876798765140011,0.12806413650014292,1.3563412342500667,2.359515696070465,dffb4d6f2fe1459db6f1cff6d123c4715580c84d,2026-09-16T18:18:57Z,,,
pit,-1,1,swebench_verified,500,500,1.0,0.05269900794843354,0.08890073504989221,0.16338948392832062,0.062720176017659,,,,,,,100.0,0.0,0.0,0.0,55.5,1257.4999999999986,1.0,294.0,4151.649999999994,134999.44,47702.5,553958.7,1259586.0199999998,7.243483421277971,7.612244871501389,14.841893953699852,16.51917812580148,dffb4d6f2fe1459db6f1cff6d123c4715580c84d,2026-09-16T18:25:03Z,,,
pit,0,1,swebench_verified,500,500,0.0,0.0,0.0,0.0,0.0,,,,,,,0.0,100.0,0.0,0.0,0.0,0.0,1.0,0.0,0.0,0.0,0.0,0.0,0.0,0.09249910072398052,0.09852732149920485,0.1679126564497892,0.18155954619998738,dffb4d6f2fe1459db6f1cff6d123c4715580c84d,2026-09-16T18:25:03Z,,,
pit,128000,1,swebench_verified,500,500,1.0,0.05457477459755675,0.09254698982398003,0.171841087576052,0.06504781238175016,,,,,,,100.0,0.0,0.0,0.0,50.0,477.2999999999997,1.0,251.0,1182.3999999999996,49213.13,42491.5,106034.74999999999,110773.43999999999,0.24386595591401783,0.2527067339997302,0.48456428495082937,0.6601157442687872,dffb4d6f2fe1459db6f1cff6d123c4715580c84d,2026-09-16T18:25:03Z,,,
pit,16000,1,swebench_verified,500,500,1.0,0.08797405148658977,0.14558304353744406,0.262745344055993,0.10393602264621792,,,,,,,100.0,0.0,0.0,0.0,23.5,96.14999999999986,1.0,118.0,196.0999999999999,9482.848,10034.5,12686.75,13556.3,0.239441439307986,0.2508111255001495,0.4687149917505846,0.5872443468295746,dffb4d6f2fe1459db6f1cff6d123c4715580c84d,2026-09-16T18:25:03Z,,,
pit,32000,1,swebench_verified,500,500,1.0,0.0665128794263753,0.11311167000842065,0.2109971390927997,0.07933475417845277,,,,,,,100.0,0.0,0.0,0.0,32.5,164.0999999999999,1.0,181.5,366.04999999999995,18026.152,19825.5,26135.15,27841.799999999996,0.23929850226591953,0.25872753499970713,0.47175206870078906,0.5692295737606942,dffb4d6f2fe1459db6f1cff6d123c4715580c84d,2026-09-16T18:25:03Z,,,
pit,64000,1,swebench_verified,500,500,1.0,0.057925755979116575,0.09837224510108586,0.18334571249480286,0.06906541786231084,,,,,,,100.0,0.0,0.0,0.0,42.0,271.2499999999998,1.0,235.5,678.05,31150.8,34989.5,52099.049999999996,56079.65,0.239394573882033,0.2502861180000764,0.4799810532999798,0.580544645330774,dffb4d6f2fe1459db6f1cff6d123c4715580c84d,2026-09-16T18:25:03Z,,,
pit,8000,1,swebench_verified,500,500,1.0,0.11578320156922906,0.18904747003568217,0.3304121804414535,0.13634538297987686,,,,,,,100.0,0.0,0.0,0.0,16.0,53.09999999999991,1.0,69.5,105.0,4723.736,4879.5,6093.099999999999,6507.1399999999985,0.24150705603001188,0.25692390850053926,0.46489728590113355,0.6419661889294364,dffb4d6f2fe1459db6f1cff6d123c4715580c84d,2026-09-16T18:25:03Z,,,
pit,-1,2,contextbench_verified,494,494,0.9092813568794953,0.086949067511124,0.12666045265769993,0.20805015021178253,0.09756941820432527,0.8747803162452348,0.058605492902088316,0.09526744561657909,0.23880286691039346,0.23880286691039346,494,76.51821862348179,0.0,23.481781376518217,0.19446398430521852,79.0,1113.8999999999996,2.0,298.5,2636.4999999999977,132760.44736842104,49965.0,486103.55,1108340.279999999,6.490829426489901,4.210083883999687,17.18077086185012,28.487166726733058,dffb4d6f2fe1459db6f1cff6d123c4715580c84d,2026-09-16T18:26:40Z,0.21957715959058668,0.5898998531815878,494
pit,0,2,contextbench_verified,494,494,0.0,0.0,0.0,0.0,0.0,0.0,0.0,0.0,0.0,,494,0.0,100.0,0.0,0.0,0.0,0.0,2.0,0.0,0.0,0.0,0.0,0.0,0.0,0.07572352102834122,0.044745258500370255,0.2037176598000769,0.3396820887797911,dffb4d6f2fe1459db6f1cff6d123c4715580c84d,2026-09-16T18:26:40Z,0.0,0.0,494
pit,128000,2,contextbench_verified,494,494,0.9054137373320512,0.0952220641109562,0.14077145904944793,0.23451646255191413,0.10743492169288991,0.8687433105700361,0.06621646196663411,0.10766752465189543,0.23791134234173925,0.23791134234173925,494,75.30364372469636,0.0,24.696356275303643,0.19740526420137716,55.0,366.0499999999999,2.0,228.5,1109.2999999999993,47268.53238866397,36563.5,105214.65,111646.84,0.24936763649995983,0.1358436284990603,0.7775994981994693,1.3357147478402465,dffb4d6f2fe1459db6f1cff6d123c4715580c84d,2026-09-16T18:26:40Z,0.2214235612702378,0.5778826502078621,494
pit,16000,2,contextbench_verified,494,494,0.879776394629741,0.1493371818086203,0.21402635773840123,0.3352949677651397,0.16722356212376624,0.8169690852380272,0.09886215515959004,0.1535921474741097,0.24823828594859712,0.24823828594859712,494,69.43319838056681,0.0,30.5668016194332,0.21557579572930347,27.5,106.34999999999997,2.0,120.0,207.39999999999986,8989.524291497975,9212.5,12750.199999999999,13571.13,0.24994194340482356,0.13095531050021236,0.723871028149824,1.3641172235499093,dffb4d6f2fe1459db6f1cff6d123c4715580c84d,2026-09-16T18:26:40Z,0.24207572004069777,0.4941988389258541,494
pit,32000,2,contextbench_verified,494,494,0.8917295322938875,0.1191932907559923,0.17578637896854923,0.2868279635425301,0.13464354943327117,0.8399907353559153,0.08113325982826926,0.13004464265596882,0.2378143631604531,0.2378143631604531,494,71.4574898785425,0.0,28.54251012145749,0.20585072794988674,37.0,186.74999999999983,2.0,175.0,382.0499999999999,16914.97975708502,18335.0,25968.5,27555.17,0.2476406627064818,0.1320351340000343,0.7260218200498456,1.4050377358296817,dffb4d6f2fe1459db6f1cff6d123c4715580c84d,2026-09-16T18:26:40Z,0.22556629681201892,0.5339352638743277,494
pit,64000,2,contextbench_verified,494,494,0.8969228628681045,0.10224670716325732,0.15137407136631326,0.2513402650661327,0.11549202731113513,0.8578739243791637,0.07131849910070903,0.11553660975073393,0.2369524805220228,0.2369524805220228,494,72.67206477732793,0.0,27.327935222672064,0.2018947377644979,47.5,273.39999999999986,2.0,216.5,664.6999999999992,29505.04048582996,32112.5,52100.549999999996,55295.67999999999,0.24595521213356517,0.1293953895001323,0.748544254949683,1.3039854407116032,dffb4d6f2fe1459db6f1cff6d123c4715580c84d,2026-09-16T18:26:40Z,0.2209715587932598,0.5631438938290914,494
pit,8000,2,contextbench_verified,494,494,0.8714383081376297,0.2094554568810332,0.2842316701186167,0.41495648685095177,0.23021011847873366,0.7770935381107834,0.1310079283512013,0.19327762670690668,0.2654569168761291,0.2654569168761291,494,68.82591093117409,0.0,31.17408906882591,0.22332569200023722,18.0,57.0,2.0,70.0,109.0,4491.734817813765,4543.5,6199.399999999998,6688.1,0.22992193917611378,0.12855261100048665,0.6953585183502582,1.0695896860203513,dffb4d6f2fe1459db6f1cff6d123c4715580c84d,2026-09-16T18:26:40Z,0.2765362400510111,0.4436206820549762,494
pit,-1,2,polybench500,500,500,0.999547619047619,0.07504582876504275,0.11748871220301066,0.19617927163872917,0.08722094910741668,1.0,0.22480464855419363,0.3108749381162703,,,456,99.6,0.0,0.4,0.007382449924884291,111.5,1669.5999999999985,2.0,370.0,2642.45,136907.294,59101.5,518052.3499999998,713780.8199999996,8.32724961357802,3.9082367575001626,29.846794223000224,56.92983303782962,dffb4d6f2fe1459db6f1cff6d123c4715580c84d,2026-09-16T18:28:46Z,,,
pit,0,2,polybench500,500,500,0.0,0.0,0.0,0.0,0.0,0.0,0.0,0.0,,,456,0.0,100.0,0.0,0.0,0.0,0.0,2.0,0.0,0.0,0.0,0.0,0.0,0.0,0.10639377182601674,0.04650178050087561,0.4002566991015555,0.5409955172897752,dffb4d6f2fe1459db6f1cff6d123c4715580c84d,2026-09-16T18:28:46Z,,,
pit,128000,2,polybench500,500,500,0.999547619047619,0.08540267549721854,0.1364441643811886,0.2349741069448091,0.09986043323229485,1.0,0.26811373230763436,0.37246319470328104,,,456,99.6,0.0,0.4,0.007382449924884291,73.0,392.1999999999998,2.0,249.0,1073.6499999999985,40775.106,30450.5,95114.35,103540.34999999999,0.42284200137397054,0.13596536400018522,1.374479398300354,2.8370294645391323,dffb4d6f2fe1459db6f1cff6d123c4715580c84d,2026-09-16T18:28:46Z,,,
pit,16000,2,polybench500,500,500,0.998547619047619,0.14766293201063965,0.22718509695517547,0.369904165718802,0.1705093892296021,1.0,0.37544193840673945,0.49991808242206476,,,456,99.4,0.0,0.6,0.02350735640153231,32.0,78.0,2.0,121.0,200.0,8586.646,8924.0,12264.35,13049.09,0.41348688637597664,0.1356873139993695,1.4000173293987237,2.705124235690599,dffb4d6f2fe1459db6f1cff6d123c4715580c84d,2026-09-16T18:28:46Z,,,
pit,32000,2,polybench500,500,500,0.998547619047619,0.11081885842424742,0.17549643524822953,0.29878409160540875,0.1291272969145088,1.0,0.32503086352063687,0.44174076359829734,,,456,99.4,0.0,0.6,0.02350735640153231,49.5,140.0,2.0,184.5,371.0,16095.014,17997.0,24889.949999999997,26413.18,0.41652409999005247,0.13330000799942354,1.4176137873997503,2.8251831295394005,dffb4d6f2fe1459db6f1cff6d123c4715580c84d,2026-09-16T18:28:46Z,,,
pit,64000,2,polybench500,500,500,0.999547619047619,0.09304813522546738,0.14837344642473202,0.2557178853618009,0.10867428044593398,1.0,0.28840719880608995,0.3982869504631497,,,456,99.6,0.0,0.4,0.007382449924884291,66.0,257.04999999999995,2.0,231.0,687.05,26857.034,27721.5,49267.79999999999,53585.54,0.4173695229680234,0.13880944999982603,1.3997913033003893,2.662145374180162,dffb4d6f2fe1459db6f1cff6d123c4715580c84d,2026-09-16T18:28:46Z,,,
pit,8000,2,polybench500,500,500,0.9974171842650104,0.219022199602573,0.31148441436357044,0.4662098622668275,0.24602502297346102,0.9982568600989654,0.4270995982971653,0.5527738293918452,,,456,99.2,0.0,0.8,0.03445251336498363,19.0,42.049999999999955,2.0,71.0,105.04999999999995,4349.554,4442.5,5902.05,6504.04,0.39136433750002836,0.13662914600081422,1.4300709586494122,2.500381139530127,dffb4d6f2fe1459db6f1cff6d123c4715580c84d,2026-09-16T18:28:46Z,,,
pit,-1,2,swebench_verified,500,500,1.0,0.049257614553159204,0.08349887630758207,0.1547691700045122,0.05870609644228886,,,,,,,100.0,0.0,0.0,0.0,64.5,1830.5499999999995,1.0,297.0,4553.649999999999,152790.822,49473.0,640879.1999999997,1303850.2,7.231576398004043,8.419719185499162,14.28787927165094,15.927158110981123,dffb4d6f2fe1459db6f1cff6d123c4715580c84d,2026-09-16T18:32:19Z,,,
pit,0,2,swebench_verified,500,500,0.0,0.0,0.0,0.0,0.0,,,,,,,0.0,100.0,0.0,0.0,0.0,0.0,1.0,0.0,0.0,0.0,0.0,0.0,0.0,0.09606421941396912,0.10495569950035133,0.17126038764909024,0.19022321127862593,dffb4d6f2fe1459db6f1cff6d123c4715580c84d,2026-09-16T18:32:19Z,,,
pit,128000,2,swebench_verified,500,500,1.0,0.05143023878104565,0.08773360765880435,0.1646236390289292,0.0614041750570939,,,,,,,100.0,0.0,0.0,0.0,52.0,565.3499999999997,1.0,249.5,1282.6999999999994,50354.798,43264.5,105103.29999999999,111117.4,0.2502027460540594,0.2607376750011099,0.49375803180073485,0.6172495943795724,dffb4d6f2fe1459db6f1cff6d123c4715580c84d,2026-09-16T18:32:19Z,,,
pit,16000,2,swebench_verified,500,500,1.0,0.08445692471530575,0.1397038492245611,0.2534201688075175,0.09969214282084315,,,,,,,100.0,0.0,0.0,0.0,24.0,110.0,1.0,119.5,215.04999999999995,9430.626,10007.5,12731.75,13526.91,0.24383517595395823,0.26496405549914925,0.4721769289501933,0.623624489879985,dffb4d6f2fe1459db6f1cff6d123c4715580c84d,2026-09-16T18:32:19Z,,,
pit,32000,2,swebench_verified,500,500,1.0,0.06374514237970531,0.10894547355962979,0.20450116816887137,0.0761530478746615,,,,,,,100.0,0.0,0.0,0.0,34.0,216.04999999999995,1.0,181.0,407.0,18207.512,20010.5,26140.5,28424.499999999996,0.24584465501799424,0.2627085234998958,0.47548783670090405,0.6327495807603553,dffb4d6f2fe1459db6f1cff6d123c4715580c84d,2026-09-16T18:32:19Z,,,
pit,64000,2,swebench_verified,500,500,1.0,0.05461463964349191,0.09331876901536515,0.1757833350438555,0.06523152048161421,,,,,,,100.0,0.0,0.0,0.0,43.5,365.0999999999999,1.0,236.5,743.05,31838.374,34936.0,52660.149999999994,56561.92,0.24748835500005226,0.2605228405000162,0.48376407685000217,0.5746916978696017,dffb4d6f2fe1459db6f1cff6d123c4715580c84d,2026-09-16T18:32:19Z,,,
pit,8000,2,swebench_verified,500,500,1.0,0.1124913143785211,0.1819690905783683,0.3178120100927891,0.13192162423091572,,,,,,,100.0,0.0,0.0,0.0,17.0,57.049999999999955,1.0,71.0,109.0,4633.264,4799.5,6089.549999999999,6518.569999999998,0.2421561321660338,0.2596503329996267,0.46627911405121264,0.5962414950592756,dffb4d6f2fe1459db6f1cff6d123c4715580c84d,2026-09-16T18:32:19Z,,,
pit,-1,3,contextbench_verified,494,494,0.9102091571494009,0.08845220571468942,0.12826562731397595,0.21011952442679838,0.0990672736548651,0.8728646451816005,0.05903069703848205,0.09605108433938066,0.23944814900010117,0.23944814900010117,494,76.72064777327935,0.0,23.279352226720647,0.19307336573010359,78.0,1064.5999999999995,2.0,291.0,2487.95,132840.8117408907,52904.5,466031.1499999992,1105257.2,6.323226999287409,4.034610357500242,16.45913703609967,28.566324285270962,dffb4d6f2fe1459db6f1cff6d123c4715580c84d,2026-09-16T18:36:10Z,0.21917163488700447,0.5905916459931506,494
pit,0,3,contextbench_verified,494,494,0.0,0.0,0.0,0.0,0.0,0.0,0.0,0.0,0.0,,494,0.0,100.0,0.0,0.0,0.0,0.0,2.0,0.0,0.0,0.0,0.0,0.0,0.0,0.08071526365184997,0.04513038700042671,0.22285695375048808,0.35601205627004673,dffb4d6f2fe1459db6f1cff6d123c4715580c84d,2026-09-16T18:36:10Z,0.0,0.0,494
pit,128000,3,contextbench_verified,494,494,0.9055268389802406,0.09608156455583042,0.1412777478309222,0.23451987183931192,0.10816652586782423,0.8668378903047576,0.06640380553820617,0.10798519129651489,0.2389729263561325,0.2389729263561325,494,75.10121457489879,0.0,24.898785425101213,0.1953897473437083,56.5,366.0499999999999,2.0,229.5,1026.3999999999999,47693.34412955466,38881.5,105546.85,112782.42,0.24954771223682423,0.13925951049986907,0.7408003935999659,1.206863089890629,dffb4d6f2fe1459db6f1cff6d123c4715580c84d,2026-09-16T18:36:10Z,0.2211539132925983,0.5793349057298104,494
pit,16000,3,contextbench_verified,494,494,0.8799708209464583,0.15075261148058178,0.21546426212648842,0.3370150399631962,0.1686134871399989,0.8144989782200269,0.09986456634960829,0.15516965034143806,0.2453126935962216,0.2453126935962216,494,69.43319838056681,0.0,30.5668016194332,0.21483639661302578,26.0,104.34999999999997,2.0,118.0,201.34999999999997,9149.894736842105,9541.5,12745.35,13586.619999999999,0.2433857644615155,0.1326373659994715,0.7438268208506083,1.1998233788203276,dffb4d6f2fe1459db6f1cff6d123c4715580c84d,2026-09-16T18:36:10Z,0.23937356541671015,0.49284665864841504,494
pit,32000,3,contextbench_verified,494,494,0.8913373007923797,0.12074214471473241,0.17691169077725138,0.2875403015293265,0.13603508106753542,0.8407283526669503,0.08163692089499862,0.1308294556144863,0.23857054936300148,0.23857054936300148,494,71.4574898785425,0.0,28.54251012145749,0.20648737870833084,36.5,169.69999999999993,2.0,174.5,361.0499999999999,17275.61740890688,18686.0,26125.800000000003,27500.170000000002,0.24699508904658013,0.1338063315006366,0.7351612268999812,1.3741818730495106,dffb4d6f2fe1459db6f1cff6d123c4715580c84d,2026-09-16T18:36:10Z,0.22579044788316083,0.5367158440046224,494
pit,64000,3,contextbench_verified,494,494,0.8986911703958765,0.1034481747346643,0.15266716290676663,0.25303571392803637,0.1166840212518839,0.8591309682630824,0.07184265552282715,0.11646280042580433,0.23879942705309878,0.23879942705309878,494,72.8744939271255,0.0,27.125506072874494,0.19957180510188655,49.5,260.0999999999998,2.0,213.5,619.3499999999999,29953.795546558704,33001.0,52572.95,55817.68,0.24837016915989438,0.13630076049958006,0.730943638450571,1.4096719900201953,dffb4d6f2fe1459db6f1cff6d123c4715580c84d,2026-09-16T18:36:10Z,0.22255222564470464,0.5665093585982744,494
pit,8000,3,contextbench_verified,494,494,0.8694767463076468,0.20677373342747477,0.2830424721834327,0.4145586786293355,0.22814459062990708,0.777350212580628,0.13247396186923102,0.19523901186544199,0.26243592221325784,0.26243592221325784,494,68.21862348178138,0.0,31.781376518218625,0.2235571191925272,18.0,58.0,2.0,69.0,106.0,4561.1599190283405,4661.0,6238.7,6620.21,0.2311714316315135,0.13066147249992355,0.707940998399408,1.2963151644593924,dffb4d6f2fe1459db6f1cff6d123c4715580c84d,2026-09-16T18:36:10Z,0.27433038715400493,0.44208891105213266,494
pit,-1,3,polybench500,500,500,0.999547619047619,0.07418784413622194,0.11648292801642787,0.19526089989774537,0.08629935300802312,1.0,0.2237626266572338,0.30943692637625136,,,456,99.6,0.0,0.4,0.007382449924884291,113.0,1678.4999999999995,2.0,369.0,2731.7499999999995,139260.838,58433.5,516329.2999999999,760098.63,8.291040988392007,3.7996591425007864,29.522878662700283,58.812892827509074,dffb4d6f2fe1459db6f1cff6d123c4715580c84d,2026-09-16T18:38:15Z,,,
pit,0,3,polybench500,500,500,0.0,0.0,0.0,0.0,0.0,0.0,0.0,0.0,,,456,0.0,100.0,0.0,0.0,0.0,0.0,2.0,0.0,0.0,0.0,0.0,0.0,0.0,0.11023214985393497,0.047538040499603085,0.4124580660502033,0.5431237702012004,dffb4d6f2fe1459db6f1cff6d123c4715580c84d,2026-09-16T18:38:15Z,,,
pit,128000,3,polybench500,500,500,0.999547619047619,0.08415878199848759,0.13469806940069434,0.23252369543434298,0.09846014587330147,1.0,0.26641753430264176,0.37008602699913185,,,456,99.6,0.0,0.4,0.007382449924884291,75.5,405.04999999999995,2.0,247.5,1016.099999999999,41768.158,30676.0,96667.4,105041.31999999999,0.40950823064200087,0.1324452150010984,1.474096614349582,2.97227397467017,dffb4d6f2fe1459db6f1cff6d123c4715580c84d,2026-09-16T18:38:15Z,,,
pit,16000,3,polybench500,500,500,0.998547619047619,0.14724511351371358,0.22664423165486244,0.3694438535138293,0.17004323204355504,1.0,0.3776777797972491,0.5018270902362566,,,456,99.4,0.0,0.6,0.02350735640153231,32.0,77.0,2.0,117.0,192.04999999999995,8664.77,9065.5,12200.05,12969.33,0.4093727752199811,0.13122711849973712,1.4133052747990393,2.6219053951895837,dffb4d6f2fe1459db6f1cff6d123c4715580c84d,2026-09-16T18:38:15Z,,,
pit,32000,3,polybench500,500,500,0.998547619047619,0.11014944438162581,0.17477796971866846,0.29812640113029654,0.12843216809332705,1.0,0.32670585840914274,0.4433373572106435,,,456,99.4,0.0,0.6,0.02350735640153231,50.0,142.04999999999995,2.0,184.0,354.04999999999995,16291.036,18115.0,24977.9,26236.58,0.4102542661779844,0.13179836950075696,1.4393849227503772,2.7364150377794236,dffb4d6f2fe1459db6f1cff6d123c4715580c84d,2026-09-16T18:38:15Z,,,
pit,64000,3,polybench500,500,500,0.999547619047619,0.09195946779356082,0.14697487670560108,0.25408988969360824,0.10747726045565595,1.0,0.2875891799284047,0.3971908155704406,,,456,99.6,0.0,0.4,0.007382449924884291,67.5,252.19999999999982,2.0,231.0,647.3999999999996,27314.636,28692.0,49105.049999999996,54396.520000000004,0.40803306274800344,0.13056801249967975,1.4584274601986167,2.6600539412994615,dffb4d6f2fe1459db6f1cff6d123c4715580c84d,2026-09-16T18:38:15Z,,,
pit,8000,3,polybench500,500,500,0.9974171842650104,0.2162297015415061,0.3085975575292325,0.4635581675695984,0.24318805571307364,0.9982568600989654,0.4280544488341098,0.5538310900679041,,,456,99.2,0.0,0.8,0.03445251336498363,19.0,43.0,2.0,70.0,104.0,4397.95,4495.5,5908.4,6530.069999999998,0.39199194696002815,0.13036748400008946,1.3802331965500338,2.3327890311409623,dffb4d6f2fe1459db6f1cff6d123c4715580c84d,2026-09-16T18:38:15Z,,,
pit,-1,3,swebench_verified,500,500,1.0,0.05008073277887301,0.0849018890035645,0.15721138107199661,0.05969178600975369,,,,,,,100.0,0.0,0.0,0.0,62.0,1378.5499999999995,1.0,281.0,4020.849999999996,158504.856,51810.5,689498.2,1226089.78,7.4634255590539,8.742932582998037,14.528302961049302,15.999181309950343,dffb4d6f2fe1459db6f1cff6d123c4715580c84d,2026-09-16T18:42:21Z,,,
pit,0,3,swebench_verified,500,500,0.0,0.0,0.0,0.0,0.0,,,,,,,0.0,100.0,0.0,0.0,0.0,0.0,1.0,0.0,0.0,0.0,0.0,0.0,0.0,0.11168214247204014,0.1218309664991466,0.20016398029983973,0.21573821705891533,dffb4d6f2fe1459db6f1cff6d123c4715580c84d,2026-09-16T18:42:21Z,,,
pit,128000,3,swebench_verified,500,500,1.0,0.052272668880603786,0.08917530672942323,0.1671612069531882,0.0624140239904287,,,,,,,100.0,0.0,0.0,0.0,51.0,531.4499999999987,1.0,239.0,1198.6499999999994,50737.914,44066.0,105616.29999999999,112295.56999999999,0.2665101495340241,0.28804624600070383,0.5097701588505513,0.6188369253490417,dffb4d6f2fe1459db6f1cff6d123c4715580c84d,2026-09-16T18:42:21Z,,,
pit,16000,3,swebench_verified,500,500,1.0,0.08410090238766076,0.14013265652979015,0.2549878442049102,0.09957350416819653,,,,,,,100.0,0.0,0.0,0.0,24.0,125.14999999999986,1.0,115.0,211.04999999999995,9602.608,10224.5,12809.8,13582.66,0.2631198160859749,0.28807787999903667,0.5031165914491793,0.5985588656694015,dffb4d6f2fe1459db6f1cff6d123c4715580c84d,2026-09-16T18:42:21Z,,,
pit,32000,3,swebench_verified,500,500,1.0,0.06372369270588676,0.10898016490292267,0.20485936892453913,0.07614040791988547,,,,,,,100.0,0.0,0.0,0.0,33.0,223.14999999999986,1.0,171.0,395.0999999999999,18514.982,20660.0,26367.149999999998,28120.399999999998,0.2666001311859982,0.2839754905007794,0.5051135647513547,0.5946691068205653,dffb4d6f2fe1459db6f1cff6d123c4715580c84d,2026-09-16T18:42:21Z,,,
pit,64000,3,swebench_verified,500,500,1.0,0.05530534203848255,0.0945360255780299,0.178015638817618,0.06606677150368302,,,,,,,100.0,0.0,0.0,0.0,43.0,376.2499999999998,1.0,224.0,721.1499999999999,32295.038,35649.0,53612.7,56424.6,0.2669574672859999,0.27911080499961827,0.5002236746501693,0.6192917116904209,dffb4d6f2fe1459db6f1cff6d123c4715580c84d,2026-09-16T18:42:21Z,,,
pit,8000,3,swebench_verified,500,500,1.0,0.11123461832009565,0.1813328314938226,0.3177912910803779,0.13084962769301403,,,,,,,100.0,0.0,0.0,0.0,18.0,59.049999999999955,1.0,69.0,108.0,4709.264,4872.5,6098.049999999999,6510.070000000001,0.26263083261798603,0.28211017249941506,0.49383853820099793,0.5564554546489852,dffb4d6f2fe1459db6f1cff6d123c4715580c84d,2026-09-16T18:42:21Z,,,
pit,-1,4,contextbench_verified,494,494,0.9102091571494009,0.08896582542705284,0.12905040559127132,0.21123481838613417,0.09966393407225042,0.8734704205551777,0.059235011344970556,0.09631866328516472,0.2405303861974042,0.2405303861974042,494,76.72064777327935,0.0,23.279352226720647,0.19307336573010359,77.0,1049.0999999999997,2.0,288.5,2444.399999999997,130524.3947368421,52349.5,463426.0499999996,1107413.3499999999,6.4817686690526335,4.441458463999879,17.764018845249026,28.56261176375913,dffb4d6f2fe1459db6f1cff6d123c4715580c84d,2026-09-16T18:43:49Z,0.22064991391822827,0.5918962640174307,494
pit,0,4,contextbench_verified,494,494,0.0,0.0,0.0,0.0,0.0,0.0,0.0,0.0,0.0,,494,0.0,100.0,0.0,0.0,0.0,0.0,2.0,0.0,0.0,0.0,0.0,0.0,0.0,0.08580935968426856,0.051272882500597916,0.22933248820036167,0.3995370227603051,dffb4d6f2fe1459db6f1cff6d123c4715580c84d,2026-09-16T18:43:49Z,0.0,0.0,494
pit,128000,4,contextbench_verified,494,494,0.9054256244053418,0.09640534952088589,0.1417787783035461,0.2352441303157979,0.10854395598818602,0.867313839793865,0.06638133342959689,0.10797933742638205,0.23969169781122307,0.23969169781122307,494,75.10121457489879,0.0,24.898785425101213,0.19569021098945505,56.0,374.54999999999956,2.0,224.5,1023.4999999999997,47457.70445344129,37816.0,106037.29999999999,113244.31999999999,0.2612118183178093,0.14406230450003932,0.785122591650179,1.3365983917103557,dffb4d6f2fe1459db6f1cff6d123c4715580c84d,2026-09-16T18:43:49Z,0.2227077400423867,0.5804892469950353,494
pit,16000,4,contextbench_verified,494,494,0.8785931781214471,0.15118298830285706,0.2161051082362719,0.3379251430440727,0.16911098717208278,0.8125825354635032,0.10017768719577555,0.1554824677197977,0.24601016309283089,0.24601016309283089,494,69.02834008097166,0.0,30.97165991902834,0.21524106376922314,26.5,99.69999999999993,2.0,117.5,198.0,9208.2004048583,9592.5,12770.05,13492.07,0.2591782765060895,0.14147883099940373,0.7725770443493274,1.3338721497810517,dffb4d6f2fe1459db6f1cff6d123c4715580c84d,2026-09-16T18:43:49Z,0.23962021160122843,0.4940955011491367,494
pit,32000,4,contextbench_verified,494,494,0.8891895598546492,0.12062102754050108,0.17679502809669606,0.2873980295420174,0.13592013574419945,0.8415736677089413,0.08142676968237726,0.1305572378320269,0.2394253039681632,0.2394253039681632,494,71.25506072874494,0.0,28.74493927125506,0.20892801154107715,37.0,172.34999999999997,2.0,170.5,362.0,17345.34817813765,18790.5,26102.95,27548.98,0.25421643808703626,0.14011703799951647,0.7565113332002509,1.3978920497098437,dffb4d6f2fe1459db6f1cff6d123c4715580c84d,2026-09-16T18:43:49Z,0.2265820370589671,0.5392498746949081,494
pit,64000,4,contextbench_verified,494,494,0.8980359392004791,0.1041130803814119,0.15349744997390982,0.25404277311830814,0.11739814237887056,0.859743937677991,0.07184798049950321,0.11637437960116154,0.23953006244469804,0.23953006244469804,494,72.8744939271255,0.0,27.125506072874494,0.19983034564286828,49.5,256.0499999999999,2.0,212.5,628.05,29947.637651821864,32701.5,52800.75,55936.42999999999,0.25920987755260816,0.14146532050017413,0.7896670970502779,1.4047350994494794,dffb4d6f2fe1459db6f1cff6d123c4715580c84d,2026-09-16T18:43:49Z,0.22442213598077704,0.5668266861883394,494
pit,8000,4,contextbench_verified,494,494,0.8682573516671995,0.21014813197429824,0.2848517498615407,0.4150578463621714,0.2308976785969221,0.7757371691912688,0.13267834702082973,0.19502301438925856,0.2626953775962424,0.2626953775962424,494,68.21862348178138,0.0,31.781376518218625,0.22557216693103962,18.0,54.349999999999966,2.0,68.0,105.34999999999997,4589.708502024291,4667.5,6258.599999999999,6604.78,0.24048219800812215,0.14427751850143977,0.7180418342004484,1.364795037899184,dffb4d6f2fe1459db6f1cff6d123c4715580c84d,2026-09-16T18:43:49Z,0.27424868639316763,0.4430463860010664,494
pit,-1,4,polybench500,500,500,0.999547619047619,0.07389710228468856,0.11613129451261008,0.19498645227757505,0.08598177487528952,1.0,0.2233400375414002,0.30902441367197686,,,456,99.6,0.0,0.4,0.007382449924884291,111.0,1650.5999999999995,2.0,365.5,2730.949999999997,136275.562,57416.5,507659.14999999997,800590.1699999998,8.301157598146048,3.7966485255001317,28.712970797600224,56.89872522272167,dffb4d6f2fe1459db6f1cff6d123c4715580c84d,2026-09-16T18:47:45Z,,,
pit,0,4,polybench500,500,500,0.0,0.0,0.0,0.0,0.0,0.0,0.0,0.0,,,456,0.0,100.0,0.0,0.0,0.0,0.0,2.0,0.0,0.0,0.0,0.0,0.0,0.0,0.11808844933401998,0.047920021500431176,0.45746156710056296,0.5825778158696265,dffb4d6f2fe1459db6f1cff6d123c4715580c84d,2026-09-16T18:47:45Z,,,
pit,128000,4,polybench500,500,500,0.999547619047619,0.08366045697516425,0.13396388994940725,0.2315071138254603,0.09788798603884803,1.0,0.2657517877037291,0.36939908714093606,,,456,99.6,0.0,0.4,0.007382449924884291,77.0,404.14999999999986,2.0,246.5,1010.3999999999996,41731.416,30769.5,96690.39999999998,104490.56999999999,0.426259140658025,0.1336008464995757,1.5496882251507476,2.842342249999962,dffb4d6f2fe1459db6f1cff6d123c4715580c84d,2026-09-16T18:47:45Z,,,
pit,16000,4,polybench500,500,500,0.998547619047619,0.14579974759282585,0.22483237789526242,0.3676134933420907,0.168455837907423,1.0,0.3769740421649701,0.5012866698247724,,,456,99.4,0.0,0.6,0.02350735640153231,32.0,77.0,2.0,118.0,189.04999999999995,8712.482,9120.0,12169.25,13093.32,0.4315623387980413,0.12484732550001354,1.5591201364011784,2.839809076149805,dffb4d6f2fe1459db6f1cff6d123c4715580c84d,2026-09-16T18:47:45Z,,,
pit,32000,4,polybench500,500,500,0.998547619047619,0.10910457666199237,0.17335978084952647,0.29639590034457847,0.1272618535933627,1.0,0.3251599004107012,0.44184871386889163,,,456,99.4,0.0,0.6,0.02350735640153231,49.0,149.0,2.0,182.0,349.04999999999995,16320.492,18400.5,25048.7,26245.55,0.4294233609800358,0.1307330944991918,1.6059748861503975,2.7950547658498284,dffb4d6f2fe1459db6f1cff6d123c4715580c84d,2026-09-16T18:47:45Z,,,
pit,64000,4,polybench500,500,500,0.999547619047619,0.09157377662631704,0.14643190062745834,0.2534196598789803,0.1070394029959772,1.0,0.2870774286585942,0.3966786317488064,,,456,99.6,0.0,0.4,0.007382449924884291,70.0,261.04999999999995,2.0,233.5,654.1999999999998,27359.49,28672.0,49382.549999999996,54572.299999999996,0.4261758036119572,0.13115123899933678,1.5860759734997363,2.8995854509195613,dffb4d6f2fe1459db6f1cff6d123c4715580c84d,2026-09-16T18:47:45Z,,,
pit,8000,4,polybench500,500,500,0.9974171842650104,0.21610067052614648,0.30844113314117805,0.4636657589593786,0.2430306239310874,0.9982568600989654,0.42756719158902845,0.5537140371955156,,,456,99.2,0.0,0.8,0.03445251336498363,19.0,43.0,2.0,70.0,103.0,4418.094,4518.5,5937.049999999999,6530.069999999998,0.408766464979999,0.1267202389999511,1.5118164877490918,2.4982980813007245,dffb4d6f2fe1459db6f1cff6d123c4715580c84d,2026-09-16T18:47:45Z,,,
pit,-1,4,swebench_verified,500,500,1.0,0.05145974128143145,0.0870679823684462,0.16045442422938339,0.06130633324497125,,,,,,,100.0,0.0,0.0,0.0,60.5,1376.6999999999994,1.0,270.5,3918.749999999998,155949.504,48496.0,700504.1499999998,1234168.7899999998,7.455148532718009,7.692035467500318,14.034286367799442,15.75130277465034,dffb4d6f2fe1459db6f1cff6d123c4715580c84d,2026-09-16T18:52:11Z,,,
pit,0,4,swebench_verified,500,500,0.0,0.0,0.0,0.0,0.0,,,,,,,0.0,100.0,0.0,0.0,0.0,0.0,1.0,0.0,0.0,0.0,0.0,0.0,0.0,0.12054293068802872,0.12599594100083777,0.21977746519987698,0.23611656636130643,dffb4d6f2fe1459db6f1cff6d123c4715580c84d,2026-09-16T18:52:11Z,,,
pit,128000,4,swebench_verified,500,500,1.0,0.05360714300683299,0.09125517467925687,0.17020778619942198,0.06397335679980325,,,,,,,100.0,0.0,0.0,0.0,49.0,550.4999999999995,1.0,234.5,1198.05,50370.346,44011.5,105855.69999999998,111765.63999999998,0.28125900897004247,0.28582931399978406,0.534943889749229,0.6890816078095483,dffb4d6f2fe1459db6f1cff6d123c4715580c84d,2026-09-16T18:52:11Z,,,
pit,16000,4,swebench_verified,500,500,1.0,0.08549312200131882,0.14126085922601755,0.25584325611964154,0.10088128877463272,,,,,,,100.0,0.0,0.0,0.0,24.0,119.09999999999991,1.0,112.5,207.0999999999999,9635.474,10305.0,12790.799999999997,13478.14,0.27740097321402574,0.28892723149965605,0.5367549219002282,0.6754396509099023,dffb4d6f2fe1459db6f1cff6d123c4715580c84d,2026-09-16T18:52:11Z,,,
pit,32000,4,swebench_verified,500,500,1.0,0.06482655283281576,0.11067141861668131,0.2072580989239996,0.07742341541657129,,,,,,,100.0,0.0,0.0,0.0,34.0,212.14999999999986,1.0,167.5,392.0,18563.036,20701.5,26466.1,27983.019999999997,0.27751671010995776,0.28548202099955233,0.5413985318005868,0.6785787162213452,dffb4d6f2fe1459db6f1cff6d123c4715580c84d,2026-09-16T18:52:11Z,,,
pit,64000,4,swebench_verified,500,500,1.0,0.0564680202543297,0.09630477499972287,0.18046466682114812,0.06741675896010538,,,,,,,100.0,0.0,0.0,0.0,42.0,365.1999999999998,1.0,223.0,705.1999999999998,32266.72,35798.5,53660.999999999985,56546.06,0.2796556393079991,0.2796241830001236,0.54259565250004,0.7102954236011645,dffb4d6f2fe1459db6f1cff6d123c4715580c84d,2026-09-16T18:52:11Z,,,
pit,8000,4,swebench_verified,500,500,1.0,0.1117487112614392,0.18175119778178425,0.31798539019475147,0.1313505777987413,,,,,,,100.0,0.0,0.0,0.0,18.0,61.0,1.0,68.0,107.0,4730.182,4939.5,6083.5999999999985,6498.19,0.276055491273979,0.2842375290001655,0.5355473248496307,0.6408370238507628,dffb4d6f2fe1459db6f1cff6d123c4715580c84d,2026-09-16T18:52:11Z,,,
ppr,-1,-1,contextbench_verified,494,494,0.8796157203462597,0.1886168873663002,0.25999559655374765,0.3895326055190625,0.20810758966354745,0.8367242724513076,0.1197841869768638,0.18265581595505814,0.23188229729529367,0.23188229729529367,494,69.63562753036437,0.0,30.364372469635626,0.21770843267379753,21.0,86.34999999999997,2.0,98.0,294.39999999999986,21983.58906882591,15083.5,63096.54999999998,105057.87999999992,6.273076597210527,4.250496208000001,16.277474988500053,30.97593333737,dffb4d6f2fe1459db6f1cff6d123c4715580c84d,2026-09-16T15:46:56Z,0.212864203160704,0.5580022994016739,494
ppr,0,-1,contextbench_verified,494,494,0.0,0.0,0.0,0.0,0.0,0.0,0.0,0.0,0.0,,494,0.0,100.0,0.0,0.0,0.0,0.0,2.0,0.0,0.0,0.0,0.0,0.0,0.0,0.009220695376516331,0.008131432500022129,0.020296868549996804,0.028978281850003777,dffb4d6f2fe1459db6f1cff6d123c4715580c84d,2026-09-16T15:46:56Z,0.0,0.0,494
ppr,128000,-1,contextbench_verified,494,494,0.8796157203462597,0.18993107863293335,0.2620205007944335,0.3928828225166141,0.20962546036953372,0.8367242724513076,0.12083153054513955,0.1841710729408685,0.23190383536676837,0.23190383536676837,494,69.63562753036437,0.0,30.364372469635626,0.21770843267379753,21.0,75.34999999999997,2.0,94.5,294.39999999999986,20875.60728744939,14574.0,59187.499999999985,96983.58999999998,0.025369209872470207,0.01856289700002378,0.06727536464999842,0.12815393353001828,dffb4d6f2fe1459db6f1cff6d123c4715580c84d,2026-09-16T15:46:56Z,0.2128795567785601,0.5580022994016739,494
ppr,16000,-1,contextbench_verified,494,494,0.8577509560557194,0.284744832932861,0.3612525086676042,0.49139796458962015,0.3057659418610372,0.8136275179849648,0.14725942342317347,0.216641394621227,0.2301810171864954,0.2301810171864954,494,66.59919028340082,0.0,33.40080971659919,0.23149958881412125,12.0,33.0,2.0,71.5,148.0,8925.728744939272,9651.0,13848.75,14449.91,0.024333166257084718,0.01801495149999255,0.06341373514998164,0.12536369763000313,dffb4d6f2fe1459db6f1cff6d123c4715580c84d,2026-09-16T15:46:56Z,0.2152931392664601,0.5318756057496254,494
ppr,32000,-1,contextbench_verified,494,494,0.8722467369904342,0.21482858333530688,0.29018607357628295,0.4239205459005196,0.2355371241178682,0.8308498005453502,0.12970078707593402,0.19597271547309006,0.23139533876271567,0.23139533876271567,494,68.62348178137651,0.0,31.37651821862348,0.2224897776998187,18.0,53.0,2.0,87.0,216.69999999999993,14530.364372469636,14234.0,27475.6,29381.649999999998,0.024856881615384706,0.018019241499985128,0.0683116189000202,0.12632143177998575,dffb4d6f2fe1459db6f1cff6d123c4715580c84d,2026-09-16T15:46:56Z,0.21222082705707387,0.5510350536919497,494
ppr,64000,-1,contextbench_verified,494,494,0.8782427633811974,0.19324795365354658,0.26634453301421473,0.39861342721840365,0.2132425977661053,0.8350080961399896,0.12277660547254311,0.18681278973073007,0.23181632751514175,0.23181632751514175,494,69.43319838056681,0.0,30.5668016194332,0.2182614891950809,21.0,70.0,2.0,90.5,274.0499999999999,18986.08906882591,14574.0,49868.149999999994,58617.8,0.02523441488259183,0.01845688599999562,0.0684252247500068,0.12873942746000258,dffb4d6f2fe1459db6f1cff6d123c4715580c84d,2026-09-16T15:46:56Z,0.21214305227299904,0.557092518445149,494
ppr,8000,-1,contextbench_verified,494,494,0.8398473855979693,0.40040819231345215,0.4677234115590533,0.5816627515675217,0.4176236432248252,0.7871047216772233,0.18157622991345904,0.2545030916314344,0.23653317276350416,0.23653317276350416,494,63.76518218623482,0.0,36.23481781376518,0.24270062602742867,7.0,19.349999999999966,2.0,51.0,90.34999999999997,4711.8765182186235,4924.5,6679.7,6935.299999999999,0.02345292213765285,0.017824636999989707,0.06505842300000349,0.10952302297999748,dffb4d6f2fe1459db6f1cff6d123c4715580c84d,2026-09-16T15:46:56Z,0.23261652982305192,0.4946390397392686,494
ppr,-1,-1,polybench500,500,500,0.999547619047619,0.1965582158595056,0.2865913714433882,0.4386951939822491,0.22282980912601585,1.0,0.49989260549702597,0.6198908237940312,,,456,99.6,0.0,0.4,0.007382449924884291,23.0,90.09999999999991,2.0,91.0,298.0,16878.99,12138.0,47310.89999999999,71116.53999999994,7.466516476504,3.6036694805000167,23.460705348599966,54.200772818060024,dffb4d6f2fe1459db6f1cff6d123c4715580c84d,2026-09-16T15:46:56Z,,,
ppr,0,-1,polybench500,500,500,0.0,0.0,0.0,0.0,0.0,0.0,0.0,0.0,,,456,0.0,100.0,0.0,0.0,0.0,0.0,2.0,0.0,0.0,0.0,0.0,0.0,0.0,0.008510057842001515,0.0070767389999844,0.01905264979999686,0.030048342249985743,dffb4d6f2fe1459db6f1cff6d123c4715580c84d,2026-09-16T15:46:56Z,,,
ppr,128000,-1,polybench500,500,500,0.999547619047619,0.19749941578217262,0.28796146179508214,0.4407913133962708,0.22389877441832368,1.0,0.5021492583966183,0.6223266013362914,,,456,99.6,0.0,0.4,0.007382449924884291,23.0,82.14999999999986,2.0,89.5,297.04999999999995,16234.728,11824.5,47310.89999999999,68182.85999999997,0.024901198941998985,0.016887171000007584,0.0597541805000147,0.11195041723997848,dffb4d6f2fe1459db6f1cff6d123c4715580c84d,2026-09-16T15:46:56Z,,,
ppr,16000,-1,polybench500,500,500,0.998547619047619,0.2907332514148478,0.39294717363305437,0.549890913942464,0.3214646435292724,1.0,0.5885142872662776,0.6957545184045111,,,456,99.4,0.0,0.6,0.02350735640153231,14.0,40.0,2.0,73.0,168.0999999999999,8044.106,8766.0,12795.949999999997,13719.039999999999,0.024568020930001808,0.016686815500008834,0.05854591955000926,0.10774978271999483,dffb4d6f2fe1459db6f1cff6d123c4715580c84d,2026-09-16T15:46:56Z,,,
ppr,32000,-1,polybench500,500,500,0.998547619047619,0.2209009020293401,0.3162091747518283,0.4732770984654474,0.2489188593929534,1.0,0.5282576893857162,0.6454460977743175,,,456,99.4,0.0,0.6,0.02350735640153231,19.0,61.0,2.0,88.0,231.24999999999977,12368.51,11162.0,25301.5,27543.269999999997,0.024459159680002587,0.017024821500001508,0.06044701069996562,0.1073715349999332,dffb4d6f2fe1459db6f1cff6d123c4715580c84d,2026-09-16T15:46:56Z,,,
ppr,64000,-1,polybench500,500,500,0.999547619047619,0.1994747020848465,0.29094326124422293,0.44519274294813044,0.2261779340413253,1.0,0.5057711081597952,0.625873898988732,,,456,99.6,0.0,0.4,0.007382449924884291,22.5,81.04999999999995,2.0,89.5,285.0999999999999,15338.124,11655.0,45169.24999999996,51361.53999999999,0.025057195745996068,0.017126293499984513,0.06211164019999838,0.12102090806998347,dffb4d6f2fe1459db6f1cff6d123c4715580c84d,2026-09-16T15:46:56Z,,,
ppr,8000,-1,polybench500,500,500,0.9974171842650104,0.41100948327348424,0.5155116875601317,0.6616668114743752,0.4432460360129038,0.9982568600989654,0.6693672667068202,0.761795530127218,,,456,99.2,0.0,0.8,0.03445251336498363,8.0,22.0,2.0,53.0,95.04999999999995,4366.15,4595.0,6146.15,6735.35,0.023002384893999705,0.01616031950003105,0.056020182050008305,0.09861300475999313,dffb4d6f2fe1459db6f1cff6d123c4715580c84d,2026-09-16T15:46:56Z,,,
ppr,-1,-1,swebench_verified,500,500,1.0,0.11914679976578009,0.18381019597691253,0.3095152107812571,0.13729377955229008,,,,,,,100.0,0.0,0.0,0.0,19.0,75.04999999999995,1.0,104.0,276.14999999999986,21734.64,16703.5,59718.799999999996,87702.35999999999,6.745579337984,7.346963655499991,13.30766442254991,15.186602271269962,dffb4d6f2fe1459db6f1cff6d123c4715580c84d,2026-09-16T15:46:56Z,,,
ppr,0,-1,swebench_verified,500,500,0.0,0.0,0.0,0.0,0.0,,,,,,,0.0,100.0,0.0,0.0,0.0,0.0,1.0,0.0,0.0,0.0,0.0,0.0,0.0,0.009341667487998279,0.008812149000007707,0.01667036764993099,0.022357907579949474,dffb4d6f2fe1459db6f1cff6d123c4715580c84d,2026-09-16T15:46:56Z,,,
ppr,128000,-1,swebench_verified,500,500,1.0,0.11958328532164186,0.18464276592410547,0.3113435756138187,0.13783283759759563,,,,,,,100.0,0.0,0.0,0.0,19.0,70.04999999999995,1.0,101.5,274.04999999999995,21210.004,16411.0,58332.549999999974,85658.34999999999,0.020522281857999473,0.018791206000003058,0.04398642495004021,0.05888761283002623,dffb4d6f2fe1459db6f1cff6d123c4715580c84d,2026-09-16T15:46:56Z,,,
ppr,16000,-1,swebench_verified,500,500,1.0,0.1928194143939019,0.2799968513973798,0.43569844086471304,0.21781398209950265,,,,,,,100.0,0.0,0.0,0.0,10.0,32.049999999999955,1.0,76.0,146.04999999999995,9583.192,10608.5,13636.349999999997,14094.75,0.02040757239600174,0.018869419499992546,0.04278815305001442,0.05885339594001888,dffb4d6f2fe1459db6f1cff6d123c4715580c84d,2026-09-16T15:46:56Z,,,
ppr,32000,-1,swebench_verified,500,500,1.0,0.13406573708604522,0.20303351116170013,0.33783109866750066,0.15336178436391149,,,,,,,100.0,0.0,0.0,0.0,16.0,50.0,1.0,94.0,215.04999999999995,15597.24,15598.0,27652.55,28937.319999999996,0.020778369302001862,0.018873210500004234,0.04230722510000076,0.05965533375000716,dffb4d6f2fe1459db6f1cff6d123c4715580c84d,2026-09-16T15:46:56Z,,,
ppr,64000,-1,swebench_verified,500,500,1.0,0.12145535612359167,0.18753865280336268,0.316139413947553,0.13999842020041198,,,,,,,100.0,0.0,0.0,0.0,19.0,63.049999999999955,1.0,101.0,263.0,19931.502,16147.5,53026.24999999999,56371.91999999999,0.020729354226000623,0.019060778000010714,0.04240825689997221,0.05758914125002774,dffb4d6f2fe1459db6f1cff6d123c4715580c84d,2026-09-16T15:46:56Z,,,
ppr,8000,-1,swebench_verified,500,500,1.0,0.2896985431102826,0.3994888843520174,0.5699234920624752,0.322431301581415,,,,,,,100.0,0.0,0.0,0.0,6.0,18.0,1.0,53.0,89.0,4996.434,5252.0,6542.05,6816.7699999999995,0.019870440496001493,0.0181989379999834,0.040452722299987406,0.05942394486002285,dffb4d6f2fe1459db6f1cff6d123c4715580c84d,2026-09-16T15:46:56Z,,,
rrf,-1,-1,contextbench_verified,494,494,0.9099561207121539,0.08854649300554153,0.1282464793065576,0.21020297181201456,0.09911164179571748,0.8690578696507714,0.06326734788209097,0.10279928191327566,0.24508978239314616,0.24508978239314616,494,76.72064777327935,0.0,23.279352226720647,0.19401805077748163,72.5,1040.4999999999998,2.0,250.5,1740.9499999999987,101613.18623481781,46749.5,358921.6999999997,647550.2999999999,6.604250558538424,4.320794321499761,17.30218442495015,30.252681608020335,dffb4d6f2fe1459db6f1cff6d123c4715580c84d,2026-09-16T17:03:23Z,0.22586566336699235,0.5824566259686007,494
rrf,0,-1,contextbench_verified,494,494,0.0,0.0,0.0,0.0,0.0,0.0,0.0,0.0,0.0,,494,0.0,100.0,0.0,0.0,0.0,0.0,2.0,0.0,0.0,0.0,0.0,0.0,0.0,0.07614503308505562,0.04463553600044179,0.20760668795023773,0.3790736484802526,dffb4d6f2fe1459db6f1cff6d123c4715580c84d,2026-09-16T17:03:23Z,0.0,0.0,494
rrf,128000,-1,contextbench_verified,494,494,0.9063379977438463,0.09889394273813369,0.14573430430926193,0.24255979473385234,0.11141806487759329,0.8656783112957391,0.07263721683275469,0.11785348669471223,0.24426283720950018,0.24426283720950018,494,74.89878542510121,0.0,25.101214574898787,0.1956620832777722,52.5,301.0,2.0,194.5,769.0999999999998,45641.35425101215,31220.0,109586.35,115860.54999999999,0.23533830703440006,0.13428085599980477,0.7501684703493989,1.168843147300548,dffb4d6f2fe1459db6f1cff6d123c4715580c84d,2026-09-16T17:03:23Z,0.22653345925994023,0.5757012753778127,494
rrf,16000,-1,contextbench_verified,494,494,0.8838801490624428,0.1601361739841363,0.22859027037878984,0.35620450219091765,0.17908961608554794,0.8220382971551404,0.108771758051925,0.16891935183401918,0.25019454626786397,0.25019454626786397,494,69.83805668016194,0.0,30.161943319838056,0.2116247449996815,24.0,76.34999999999997,2.0,97.5,166.0,9810.319838056681,10538.5,13262.05,14206.109999999999,0.23655250861741586,0.1309780640003737,0.7344775772493902,1.2358600100696442,dffb4d6f2fe1459db6f1cff6d123c4715580c84d,2026-09-16T17:03:23Z,0.24387117952357337,0.5076988661069837,494
rrf,32000,-1,contextbench_verified,494,494,0.893569869530027,0.12490781919580532,0.18336238353638556,0.2988905514416657,0.1407995160829546,0.8452624805179534,0.0894966533842756,0.14319948575307068,0.24442217125486515,0.24442217125486515,494,71.25506072874494,0.0,28.74493927125506,0.20271103316891573,34.0,136.69999999999993,2.0,143.5,287.34999999999997,18122.32995951417,21042.5,26928.35,28709.489999999998,0.2348998897510252,0.12952571899995746,0.677401593750437,1.1144261444402743,dffb4d6f2fe1459db6f1cff6d123c4715580c84d,2026-09-16T17:03:23Z,0.23146880707585665,0.5464638960869971,494
rrf,64000,-1,contextbench_verified,494,494,0.9003370753973998,0.10706250175115414,0.15824822713688377,0.26251200364879235,0.12084042803227664,0.8579968889793794,0.07848008631731598,0.12693759000625615,0.24351691111997403,0.24351691111997403,494,73.27935222672065,0.0,26.720647773279353,0.19890107073577953,45.5,205.69999999999993,2.0,177.0,471.0999999999998,30166.97975708502,29216.0,54938.84999999999,57876.66,0.23579083043319504,0.13369626949997837,0.7210445704502482,1.1613183827704934,dffb4d6f2fe1459db6f1cff6d123c4715580c84d,2026-09-16T17:03:23Z,0.227407953380483,0.5642217031216097,494
rrf,8000,-1,contextbench_verified,494,494,0.8712759275185927,0.2273301397195261,0.30430814726250766,0.43871087925648067,0.24859433728152244,0.7854110877096532,0.14543692750802434,0.21268156704837465,0.2599236138873169,0.2599236138873169,494,68.21862348178138,0.0,31.781376518218625,0.2217785938385996,16.0,43.349999999999966,2.0,58.0,91.0,4929.603238866397,5068.0,6440.9,6766.479999999999,0.2253950663198228,0.12830740949993924,0.7268341028506256,1.148390496439649,dffb4d6f2fe1459db6f1cff6d123c4715580c84d,2026-09-16T17:03:23Z,0.268072519532577,0.45375551396701774,494
rrf,-1,-1,polybench500,500,500,0.999547619047619,0.07479532345684393,0.11759714451200251,0.19732476051552486,0.08704758971446659,1.0,0.21714354742953967,0.30219166698923144,,,456,99.6,0.0,0.4,0.007382449924884291,106.0,1713.1,2.0,318.0,1999.2999999999988,121872.614,54707.5,468534.29999999976,587259.07,8.300410558772002,3.793043888999364,28.890310213349185,54.962056228029674,dffb4d6f2fe1459db6f1cff6d123c4715580c84d,2026-09-16T17:05:00Z,,,
rrf,0,-1,polybench500,500,500,0.0,0.0,0.0,0.0,0.0,0.0,0.0,0.0,,,456,0.0,100.0,0.0,0.0,0.0,0.0,2.0,0.0,0.0,0.0,0.0,0.0,0.0,0.1075301966159932,0.04449639599988586,0.3993135231499307,0.49471169225942496,dffb4d6f2fe1459db6f1cff6d123c4715580c84d,2026-09-16T17:05:00Z,,,
rrf,128000,-1,polybench500,500,500,0.999547619047619,0.08756428482893475,0.14090332870274397,0.24464142398585612,0.10262081443898016,1.0,0.2621482440782377,0.36909624004399727,,,456,99.6,0.0,0.4,0.007382449924884291,67.0,308.1999999999998,2.0,201.0,709.2499999999998,37843.392,27738.0,98881.54999999997,106927.6,0.39378992924199885,0.1327045385000929,1.3168353529501453,2.343999290870457,dffb4d6f2fe1459db6f1cff6d123c4715580c84d,2026-09-16T17:05:00Z,,,
rrf,16000,-1,polybench500,500,500,0.998547619047619,0.15308524792686104,0.2344864983162792,0.380875925886448,0.17645702112358247,1.0,0.3639350750302813,0.4907027233192462,,,456,99.4,0.0,0.6,0.02350735640153231,29.0,67.0,2.0,103.0,168.0,9148.834,9865.0,12652.999999999996,13490.789999999997,0.39358942556601506,0.12449360700020407,1.3242157815993774,2.397844898940575,dffb4d6f2fe1459db6f1cff6d123c4715580c84d,2026-09-16T17:05:00Z,,,
rrf,32000,-1,polybench500,500,500,0.998547619047619,0.11210336529864223,0.17903960633291455,0.30683700922682927,0.1310146362121566,1.0,0.31449033133097193,0.4334496571639526,,,456,99.4,0.0,0.6,0.02350735640153231,44.0,125.04999999999995,2.0,157.0,286.1999999999998,16822.752,19498.0,25735.6,27447.14,0.39078286882199975,0.1255986834999021,1.34796617129964,2.327356110260324,dffb4d6f2fe1459db6f1cff6d123c4715580c84d,2026-09-16T17:05:00Z,,,
rrf,64000,-1,polybench500,500,500,0.998547619047619,0.09430951497098551,0.152262098463241,0.2648010455159525,0.11065299036899441,1.0,0.2793806129296221,0.3911720665671371,,,456,99.4,0.0,0.6,0.02350735640153231,58.5,211.14999999999986,2.0,185.0,466.0999999999999,27145.194,25894.5,51269.74999999999,54930.65,0.39326232087597235,0.12684666250015653,1.2914864389496408,2.332633504709708,dffb4d6f2fe1459db6f1cff6d123c4715580c84d,2026-09-16T17:05:00Z,,,
rrf,8000,-1,polybench500,500,500,0.9974171842650104,0.22714236347374098,0.3215775599434897,0.47914027060869696,0.25473634245724286,0.9982568600989654,0.4177336723384661,0.5452599362401757,,,456,99.2,0.0,0.8,0.03445251336498363,18.0,37.0,2.0,63.0,96.0,4631.338,4823.5,6168.549999999999,6612.699999999999,0.378255069804005,0.12105393299952993,1.2882945653001088,2.1484965958602382,dffb4d6f2fe1459db6f1cff6d123c4715580c84d,2026-09-16T17:05:00Z,,,
rrf,-1,-1,swebench_verified,500,500,1.0,0.048571311714717486,0.08216986913037068,0.1521132139453241,0.05784971125223632,,,,,,,100.0,0.0,0.0,0.0,64.0,1625.2499999999998,1.0,245.0,2298.1499999999996,99257.23,45766.5,345340.04999999976,641104.65,7.304245122962004,8.219703089500854,15.676234953899614,17.489671397679995,dffb4d6f2fe1459db6f1cff6d123c4715580c84d,2026-09-16T17:11:36Z,,,
rrf,0,-1,swebench_verified,500,500,0.0,0.0,0.0,0.0,0.0,,,,,,,0.0,100.0,0.0,0.0,0.0,0.0,1.0,0.0,0.0,0.0,0.0,0.0,0.0,0.09728330936400925,0.10759619700002077,0.17933000730026832,0.20054256571002949,dffb4d6f2fe1459db6f1cff6d123c4715580c84d,2026-09-16T17:11:36Z,,,
rrf,128000,-1,swebench_verified,500,500,1.0,0.0516468255909188,0.0881435027562665,0.1659001350735341,0.06166552858722924,,,,,,,100.0,0.0,0.0,0.0,49.0,310.1999999999998,1.0,197.0,774.0,47843.09,36119.0,108761.34999999998,113150.99,0.24473416769397227,0.2597209250002379,0.47939951709977313,0.5763969364198873,dffb4d6f2fe1459db6f1cff6d123c4715580c84d,2026-09-16T17:11:36Z,,,
rrf,16000,-1,swebench_verified,500,500,1.0,0.08868696434718298,0.1471619335622205,0.2672029193122971,0.1048421425478172,,,,,,,100.0,0.0,0.0,0.0,21.0,87.04999999999995,1.0,96.0,165.04999999999995,10365.136,11187.5,13228.65,13816.06,0.24206703590201686,0.25779216700038887,0.47273182585063295,0.5838059791192789,dffb4d6f2fe1459db6f1cff6d123c4715580c84d,2026-09-16T17:11:36Z,,,
rrf,32000,-1,swebench_verified,500,500,1.0,0.0641440340695363,0.11040492686893513,0.20952522312293034,0.07679086783465539,,,,,,,100.0,0.0,0.0,0.0,30.0,142.0,1.0,148.5,280.1999999999998,19347.836,22474.5,26893.599999999995,28342.899999999994,0.2438714066699831,0.25523797699997886,0.47869511775006685,0.5724462689697156,dffb4d6f2fe1459db6f1cff6d123c4715580c84d,2026-09-16T17:11:36Z,,,
rrf,64000,-1,swebench_verified,500,500,1.0,0.05521424794377113,0.09466597369102359,0.1793140060176623,0.06601635700433228,,,,,,,100.0,0.0,0.0,0.0,41.0,200.24999999999977,1.0,188.5,457.4499999999996,32115.252,33929.0,54356.9,56961.57,0.24425858192000488,0.25285357450002266,0.47476382229992836,0.6083390556306039,dffb4d6f2fe1459db6f1cff6d123c4715580c84d,2026-09-16T17:11:36Z,,,
rrf,8000,-1,swebench_verified,500,500,1.0,0.12407742059141616,0.1985586453363052,0.342967947398805,0.14492623198578647,,,,,,,100.0,0.0,0.0,0.0,15.0,52.049999999999955,1.0,58.0,91.04999999999995,5153.786,5387.5,6334.4,6705.099999999999,0.24375547006397938,0.2631410975000108,0.4810320023495024,0.5806510587106456,dffb4d6f2fe1459db6f1cff6d123c4715580c84d,2026-09-16T17:11:36Z,,,
rrf,-1,0,contextbench_verified,494,494,0.9095190577750909,0.09972981523996254,0.1415987679018423,0.22755716351410374,0.11073728400187405,0.8658461048958732,0.0658928502404386,0.10707379337603053,0.24492804853905698,0.24492804853905698,494,76.3157894736842,0.0,23.68421052631579,0.19312215566498045,66.5,933.649999999998,2.0,227.5,1759.4499999999998,89004.51619433198,37863.5,328587.55,530465.0599999996,6.291257258410929,4.08908137150047,15.951730963300175,29.333001504120194,dffb4d6f2fe1459db6f1cff6d123c4715580c84d,2026-09-16T17:14:22Z,0.22500659977474385,0.5771365220766045,494
rrf,0,0,contextbench_verified,494,494,0.0,0.0,0.0,0.0,0.0,0.0,0.0,0.0,0.0,,494,0.0,100.0,0.0,0.0,0.0,0.0,2.0,0.0,0.0,0.0,0.0,0.0,0.0,0.07063137629150514,0.04211313550013074,0.19616421905034226,0.3037374646707392,dffb4d6f2fe1459db6f1cff6d123c4715580c84d,2026-09-16T17:14:22Z,0.0,0.0,494
rrf,128000,0,contextbench_verified,494,494,0.9045513462861422,0.10895541660063475,0.15707962304785683,0.25563962723610456,0.12169183368241906,0.8613341255845429,0.07452127285522572,0.12100845473333789,0.24424478101138022,0.24424478101138022,494,74.08906882591093,0.0,25.910931174089068,0.19604547186128915,54.0,302.74999999999983,2.0,176.0,725.6999999999999,43774.52226720648,29262.0,108272.20000000001,114371.22,0.23107067565790299,0.1274007064998841,0.6550623981002441,1.553696246560202,dffb4d6f2fe1459db6f1cff6d123c4715580c84d,2026-09-16T17:14:22Z,0.22467842293114074,0.5697153165983876,494
rrf,16000,0,contextbench_verified,494,494,0.8862317147654017,0.17106884693810673,0.24096241550290404,0.370187986411962,0.19028376770455785,0.8179152234959001,0.1114119962576908,0.17283521743438726,0.2510822342478606,0.2510822342478606,494,70.04048582995951,0.0,29.959514170040485,0.20874814909808884,24.0,76.34999999999997,2.0,93.0,156.69999999999993,9969.354251012146,10896.0,13260.4,13899.380000000001,0.22972967656475154,0.12420233049988383,0.6381530857000597,1.20249701977004,dffb4d6f2fe1459db6f1cff6d123c4715580c84d,2026-09-16T17:14:22Z,0.24256644431879504,0.5069165924641983,494
rrf,32000,0,contextbench_verified,494,494,0.8952756382833489,0.1360853736529164,0.19542517708253784,0.31227232662907706,0.15206281201407024,0.8435058319680322,0.09182479992348673,0.14637695438384143,0.2470858927154589,0.2470858927154589,494,71.65991902834008,0.0,28.34008097165992,0.20050563030051644,34.0,137.0499999999999,2.0,141.0,256.34999999999997,18032.736842105263,21179.0,26585.25,27915.8,0.23048625699190783,0.1275970349997806,0.6533527034000596,1.18370301706013,dffb4d6f2fe1459db6f1cff6d123c4715580c84d,2026-09-16T17:14:22Z,0.23181533198573107,0.5434259127277054,494
rrf,64000,0,contextbench_verified,494,494,0.9011836843664783,0.11712342648184941,0.16964976354557978,0.27577109922012305,0.13113272065722148,0.8544269902158691,0.08043412185045375,0.13000212289441207,0.24548705886414163,0.24548705886414163,494,73.07692307692308,0.0,26.923076923076923,0.19748497981517404,45.0,189.69999999999993,2.0,169.0,426.0999999999998,29268.765182186235,27223.5,54105.149999999994,56622.13,0.2296442403178288,0.12547649650014137,0.6489877418497598,1.1650812796197043,dffb4d6f2fe1459db6f1cff6d123c4715580c84d,2026-09-16T17:14:22Z,0.22669988882296566,0.5606751117971903,494
rrf,8000,0,contextbench_verified,494,494,0.8711273188173525,0.23246903349986187,0.31078026852415386,0.4454482376306351,0.25414251398528914,0.7820747194823041,0.14869151192270347,0.21638831380367335,0.2645871503924497,0.2645871503924497,494,68.01619433198381,0.0,31.983805668016196,0.2202468856628772,16.0,44.349999999999966,2.0,55.0,90.0,5048.133603238866,5245.0,6451.7,6716.89,0.21285031913158686,0.1252823535000971,0.6573931044001255,0.9698445871401596,dffb4d6f2fe1459db6f1cff6d123c4715580c84d,2026-09-16T17:14:22Z,0.2728459250053256,0.4555453038033114,494
rrf,-1,0,polybench500,500,500,0.999547619047619,0.08423896269099287,0.12943417158086398,0.21131418531221582,0.0972987348635423,1.0,0.2122230485413687,0.2941382081981558,,,456,99.6,0.0,0.4,0.007382449924884291,98.0,1715.3499999999997,2.0,311.5,1953.3499999999997,106312.212,42810.5,429770.74999999965,559128.44,8.277899339784007,3.7586386755001513,27.906712837150213,55.58244049156916,dffb4d6f2fe1459db6f1cff6d123c4715580c84d,2026-09-16T17:18:08Z,,,
rrf,0,0,polybench500,500,500,0.0,0.0,0.0,0.0,0.0,0.0,0.0,0.0,,,456,0.0,100.0,0.0,0.0,0.0,0.0,2.0,0.0,0.0,0.0,0.0,0.0,0.0,0.10740000297800543,0.04403891250012748,0.3937547609499685,0.5298389367697288,dffb4d6f2fe1459db6f1cff6d123c4715580c84d,2026-09-16T17:18:08Z,,,
rrf,128000,0,polybench500,500,500,0.999547619047619,0.09754881785849026,0.15340466722086785,0.2588372635817992,0.11347063439522845,1.0,0.25699642973465725,0.3606314893646985,,,456,99.6,0.0,0.4,0.007382449924884291,66.0,290.1999999999998,2.0,191.0,663.0999999999999,37806.886,28519.0,100384.49999999999,108073.70999999999,0.3918447070139828,0.1294070905000808,1.3602905115999413,2.716755122889953,dffb4d6f2fe1459db6f1cff6d123c4715580c84d,2026-09-16T17:18:08Z,,,
rrf,16000,0,polybench500,500,500,0.998547619047619,0.16328327624216843,0.24737715798049267,0.39540239758342716,0.18758924901195556,1.0,0.3516085647713685,0.475280181477551,,,456,99.4,0.0,0.6,0.02350735640153231,28.0,66.04999999999995,2.0,93.0,151.0,9488.822,10479.5,12786.999999999998,13510.050000000001,0.39210320586396846,0.13218503300004159,1.3519065830497305,2.290967505760318,dffb4d6f2fe1459db6f1cff6d123c4715580c84d,2026-09-16T17:18:08Z,,,
rrf,32000,0,polybench500,500,500,0.998547619047619,0.12432645094040484,0.19414545703121178,0.323551115880083,0.14424595012271105,1.0,0.3043767582648038,0.420476260291077,,,456,99.4,0.0,0.6,0.02350735640153231,44.0,120.04999999999995,2.0,143.5,251.19999999999982,17058.618,20953.0,26110.9,27404.25,0.39287820604600526,0.13045431650016326,1.4535645221498716,2.651731433889898,dffb4d6f2fe1459db6f1cff6d123c4715580c84d,2026-09-16T17:18:08Z,,,
rrf,64000,0,polybench500,500,500,0.999547619047619,0.10435545867440987,0.16515818347553546,0.280218132763864,0.12164409134682837,1.0,0.27381026046569,0.38242739121304226,,,456,99.6,0.0,0.4,0.007382449924884291,58.5,198.0999999999999,2.0,178.0,413.0,27294.344,26727.0,52159.35,55395.78,0.39038170246199844,0.12874163149990636,1.3692270738996735,2.6150740989498704,dffb4d6f2fe1459db6f1cff6d123c4715580c84d,2026-09-16T17:18:08Z,,,
rrf,8000,0,polybench500,500,500,0.9974171842650104,0.23575269095118873,0.33213427621733094,0.49081664795139485,0.264017479544196,0.9982568600989654,0.4051937129064768,0.5300441652079741,,,456,99.2,0.0,0.8,0.03445251336498363,17.0,37.049999999999955,2.0,56.0,88.0,4917.704,5129.5,6324.1,6781.299999999999,0.3872274553100069,0.1287374059998001,1.3491589144500264,2.436918848570357,dffb4d6f2fe1459db6f1cff6d123c4715580c84d,2026-09-16T17:18:08Z,,,
rrf,-1,0,swebench_verified,500,500,1.0,0.05812541793108343,0.09596983159961738,0.1728390670327822,0.06864544373791646,,,,,,,100.0,0.0,0.0,0.0,52.5,1065.1,1.0,220.0,1931.5999999999985,86925.252,37239.5,320988.84999999986,489638.9599999997,7.200374097677981,8.099342361000254,14.712714386100512,17.05865958343933,dffb4d6f2fe1459db6f1cff6d123c4715580c84d,2026-09-16T17:18:39Z,,,
rrf,0,0,swebench_verified,500,500,0.0,0.0,0.0,0.0,0.0,,,,,,,0.0,100.0,0.0,0.0,0.0,0.0,1.0,0.0,0.0,0.0,0.0,0.0,0.0,0.09321782731598251,0.10045964499977345,0.17366467704991917,0.18482269808995622,dffb4d6f2fe1459db6f1cff6d123c4715580c84d,2026-09-16T17:18:39Z,,,
rrf,128000,0,swebench_verified,500,500,1.0,0.06062826236253055,0.1008133856687365,0.1839499780088722,0.07174755714506885,,,,,,,100.0,0.0,0.0,0.0,46.0,293.0,1.0,188.0,732.2999999999997,44947.324,32487.5,104674.59999999998,112583.21999999999,0.24485629696001343,0.26076061499998104,0.48387270935027116,0.6008811746202262,dffb4d6f2fe1459db6f1cff6d123c4715580c84d,2026-09-16T17:18:39Z,,,
rrf,16000,0,swebench_verified,500,500,1.0,0.09673969233182828,0.15745509409049976,0.28049820175258655,0.11356692343462006,,,,,,,100.0,0.0,0.0,0.0,21.0,80.04999999999995,1.0,92.0,163.04999999999995,10228.682,11189.0,13252.499999999998,13816.04,0.24313189979802155,0.26279317899980015,0.4709486433500842,0.5899096144399845,dffb4d6f2fe1459db6f1cff6d123c4715580c84d,2026-09-16T17:18:39Z,,,
rrf,32000,0,swebench_verified,500,500,1.0,0.07267220699741907,0.12179127287159142,0.2243044095403612,0.08621518068672655,,,,,,,100.0,0.0,0.0,0.0,29.0,125.04999999999995,1.0,147.5,272.0,18652.85,22149.0,27053.899999999998,28061.66,0.24187175758801094,0.26120200500054125,0.47378161159967913,0.5646594016498057,dffb4d6f2fe1459db6f1cff6d123c4715580c84d,2026-09-16T17:18:39Z,,,
rrf,64000,0,swebench_verified,500,500,1.0,0.0642076146959766,0.10717339761517251,0.19683698279515446,0.0760673782336451,,,,,,,100.0,0.0,0.0,0.0,37.0,190.04999999999995,1.0,179.5,444.14999999999986,30477.662,31049.5,55155.649999999994,57001.42,0.24252801434201865,0.266918507000355,0.47488174249956483,0.6023154219699879,dffb4d6f2fe1459db6f1cff6d123c4715580c84d,2026-09-16T17:18:39Z,,,
rrf,8000,0,swebench_verified,500,500,1.0,0.13065455689405364,0.2067303349312197,0.35246131441341283,0.1520356064474238,,,,,,,100.0,0.0,0.0,0.0,14.0,49.049999999999955,1.0,55.0,91.0,5190.092,5424.5,6338.199999999999,6702.13,0.2443084727400037,0.2608858685002815,0.47365585450047515,0.5925896579701657,dffb4d6f2fe1459db6f1cff6d123c4715580c84d,2026-09-16T17:18:39Z,,,
rrf,-1,1,contextbench_verified,494,494,0.9081005201723428,0.09503916030232117,0.1369622671846358,0.2224312337370148,0.1062317818481293,0.8608925908277271,0.06817159155785146,0.10913647868254342,0.2466335477489029,0.2466335477489029,494,76.11336032388664,0.0,23.88663967611336,0.1949210384863812,67.0,946.6499999999987,2.0,222.0,1464.6499999999992,83451.81781376518,38834.5,279679.09999999986,507887.12,6.169751695198363,4.042593934000706,16.752602733650225,31.694379525669845,dffb4d6f2fe1459db6f1cff6d123c4715580c84d,2026-09-16T17:23:25Z,0.22830243122495406,0.5704952010710324,494
rrf,0,1,contextbench_verified,494,494,0.0,0.0,0.0,0.0,0.0,0.0,0.0,0.0,0.0,,494,0.0,100.0,0.0,0.0,0.0,0.0,2.0,0.0,0.0,0.0,0.0,0.0,0.0,0.07117244693522903,0.04124464699998498,0.20417436550032986,0.33502707444026786,dffb4d6f2fe1459db6f1cff6d123c4715580c84d,2026-09-16T17:23:25Z,0.0,0.0,494
rrf,128000,1,contextbench_verified,494,494,0.9045095467925883,0.10430390151934599,0.1525613099868118,0.2512735877605354,0.11723354192817315,0.8587202877760068,0.07654124706072056,0.12285747013411422,0.24774511386696946,0.24774511386696946,494,74.49392712550608,0.0,25.506072874493928,0.19667157645251931,51.5,269.7999999999997,2.0,172.0,671.7499999999998,43419.91093117409,27661.0,109515.59999999999,116834.31999999998,0.2251344477368522,0.1237582960002328,0.7304244659000665,1.099923907880647,dffb4d6f2fe1459db6f1cff6d123c4715580c84d,2026-09-16T17:23:25Z,0.2299914829296218,0.5662991282519412,494
rrf,16000,1,contextbench_verified,494,494,0.8835999468085564,0.16281502306437784,0.232120601786123,0.36137052923684415,0.1819506466191806,0.8204048786752556,0.11218632911270958,0.17354509362372333,0.25190765895921763,0.25190765895921763,494,70.24291497975709,0.0,29.757085020242915,0.21148887495007437,24.0,76.34999999999997,2.0,92.0,156.0,9836.097165991903,10752.0,13498.35,14035.519999999999,0.22345642152025064,0.12441670699990937,0.6867343988996697,1.1743540833298354,dffb4d6f2fe1459db6f1cff6d123c4715580c84d,2026-09-16T17:23:25Z,0.24480359717867076,0.5057409256998294,494
rrf,32000,1,contextbench_verified,494,494,0.8940552160357554,0.12991163886386858,0.1894496672565114,0.30656675538132766,0.1461035183943806,0.8386367254139727,0.09350544554091572,0.14824259459123482,0.2485761366776261,0.2485761366776261,494,71.65991902834008,0.0,28.34008097165992,0.2025468620568789,35.0,117.39999999999986,2.0,129.5,256.34999999999997,17762.325910931173,20708.5,26877.35,28668.91,0.2219344366194031,0.1222163835000174,0.6733216353001801,1.1388020908105587,dffb4d6f2fe1459db6f1cff6d123c4715580c84d,2026-09-16T17:23:25Z,0.2352930446948016,0.537955564462861,494
rrf,64000,1,contextbench_verified,494,494,0.8999523597453168,0.11188246177215057,0.16408646815274397,0.26976936939993496,0.12594488496200554,0.8506003018361856,0.08237454128026556,0.13179559230139093,0.2469259325677945,0.2469259325677945,494,73.07692307692308,0.0,26.923076923076923,0.1989543283849496,44.0,180.69999999999993,2.0,162.5,419.34999999999997,29329.32793522267,26167.5,55338.299999999996,57584.259999999995,0.2245568919878336,0.1259355935003441,0.6716891603501607,1.1908946480601115,dffb4d6f2fe1459db6f1cff6d123c4715580c84d,2026-09-16T17:23:25Z,0.23014724149238736,0.554343433595437,494
rrf,8000,1,contextbench_verified,494,494,0.8707292884851117,0.22645409194939184,0.30471952690224186,0.44117268883131905,0.2480641541186758,0.783218868474807,0.14822866068788995,0.21582089100790602,0.264370722268879,0.264370722268879,494,68.21862348178138,0.0,31.781376518218625,0.22153654835788072,16.0,43.0,2.0,56.0,88.34999999999997,4997.293522267207,5147.5,6530.549999999999,6806.45,0.21068363864981027,0.12058800200020414,0.6927702523499193,1.0625329708695508,dffb4d6f2fe1459db6f1cff6d123c4715580c84d,2026-09-16T17:23:25Z,0.2698292626077689,0.45586077783465806,494
rrf,-1,1,polybench500,500,500,0.999547619047619,0.07981686670436335,0.125183451961944,0.20859302912238054,0.09284242012634317,1.0,0.21485809633866806,0.2997741891302958,,,456,99.6,0.0,0.4,0.007382449924884291,94.0,1682.8499999999983,2.0,257.0,2002.3499999999988,102158.6,40076.5,437562.04999999993,542903.01,7.919326473637973,3.7459135620006236,26.271326747450008,52.868754369120055,dffb4d6f2fe1459db6f1cff6d123c4715580c84d,2026-09-16T17:25:17Z,,,
rrf,0,1,polybench500,500,500,0.0,0.0,0.0,0.0,0.0,0.0,0.0,0.0,,,456,0.0,100.0,0.0,0.0,0.0,0.0,2.0,0.0,0.0,0.0,0.0,0.0,0.0,0.1027647063180375,0.041908717500064085,0.3830784293501437,0.5287624139104536,dffb4d6f2fe1459db6f1cff6d123c4715580c84d,2026-09-16T17:25:17Z,,,
rrf,128000,1,polybench500,500,500,0.999547619047619,0.09264125554231954,0.14850166419450922,0.2557354161827251,0.10846318069034427,1.0,0.2589539871559809,0.3654794981492456,,,456,99.6,0.0,0.4,0.007382449924884291,62.5,293.3499999999997,2.0,178.0,645.1499999999999,35725.22,25694.0,100103.39999999998,108172.73999999999,0.3727975872840016,0.12078697200013266,1.288306940750316,2.3278595218393052,dffb4d6f2fe1459db6f1cff6d123c4715580c84d,2026-09-16T17:25:17Z,,,
rrf,16000,1,polybench500,500,500,0.998547619047619,0.1561455726113123,0.23971407725619756,0.3885546232953867,0.1801973634684497,1.0,0.352232913408883,0.4783280720206026,,,456,99.4,0.0,0.6,0.02350735640153231,28.5,66.04999999999995,2.0,94.0,160.04999999999995,9290.73,10325.0,12781.149999999998,13633.079999999998,0.3765128998479795,0.12099623400035853,1.3812027648001264,2.250561865289704,dffb4d6f2fe1459db6f1cff6d123c4715580c84d,2026-09-16T17:25:17Z,,,
rrf,32000,1,polybench500,500,500,0.998547619047619,0.11695200854430533,0.186744316516676,0.31778177782022415,0.13676484246131568,1.0,0.3064370080677511,0.4245125871073647,,,456,99.4,0.0,0.6,0.02350735640153231,42.5,114.04999999999995,2.0,143.0,267.04999999999995,16653.708,19841.0,26050.85,27506.35,0.37024477030799424,0.123354500500227,1.3089504399497398,2.325811525250753,dffb4d6f2fe1459db6f1cff6d123c4715580c84d,2026-09-16T17:25:17Z,,,
rrf,64000,1,polybench500,500,500,0.998547619047619,0.09909722914458576,0.15962143853628735,0.2759094818614415,0.1162089634858769,1.0,0.2755579533002496,0.38690082437175083,,,456,99.4,0.0,0.6,0.02350735640153231,54.0,195.5499999999995,2.0,168.5,416.1999999999998,26135.14,23649.0,51661.24999999999,55674.70999999999,0.3714934309500004,0.11932018599964067,1.343739774449886,2.3583529701696775,dffb4d6f2fe1459db6f1cff6d123c4715580c84d,2026-09-16T17:25:17Z,,,
rrf,8000,1,polybench500,500,500,0.9974171842650104,0.2283411274269525,0.3240395578952392,0.482766295273392,0.2563350012308681,0.9982568600989654,0.4075533256314731,0.5350674599798052,,,456,99.2,0.0,0.8,0.03445251336498363,18.0,37.049999999999955,2.0,59.0,91.0,4750.624,4968.0,6307.2,6804.02,0.3631216524560132,0.12219490550023693,1.3505856417497841,2.1578957284605518,dffb4d6f2fe1459db6f1cff6d123c4715580c84d,2026-09-16T17:25:17Z,,,
rrf,-1,1,swebench_verified,500,500,1.0,0.05464062188353813,0.09173310908453228,0.16747687180619816,0.06493627675849435,,,,,,,100.0,0.0,0.0,0.0,54.5,1041.1,1.0,207.5,1689.7499999999948,80756.132,37037.0,287039.09999999986,492522.22999999975,7.017972780101997,6.986614800500774,14.091301575199715,15.672911827350827,dffb4d6f2fe1459db6f1cff6d123c4715580c84d,2026-09-16T17:29:37Z,,,
rrf,0,1,swebench_verified,500,500,0.0,0.0,0.0,0.0,0.0,,,,,,,0.0,100.0,0.0,0.0,0.0,0.0,1.0,0.0,0.0,0.0,0.0,0.0,0.0,0.09312341646801905,0.09849529050006822,0.1720152862501436,0.18858762461983133,dffb4d6f2fe1459db6f1cff6d123c4715580c84d,2026-09-16T17:29:37Z,,,
rrf,128000,1,swebench_verified,500,500,1.0,0.05738449558592356,0.09705522981088985,0.17972961738097265,0.06833932258233939,,,,,,,100.0,0.0,0.0,0.0,45.0,266.5499999999995,1.0,176.0,700.4499999999996,43817.976,31849.5,106960.29999999997,113241.4,0.24132039788802284,0.24439913200012597,0.47573011100007495,0.6359431148705786,dffb4d6f2fe1459db6f1cff6d123c4715580c84d,2026-09-16T17:29:37Z,,,
rrf,16000,1,swebench_verified,500,500,1.0,0.09182441200222749,0.15146544166314038,0.27425173789026897,0.10824442713678556,,,,,,,100.0,0.0,0.0,0.0,21.0,79.0,1.0,91.0,162.04999999999995,10300.51,11211.0,13418.449999999999,13963.109999999999,0.2391970858759869,0.25271067399944513,0.4594215372001599,0.6157863298201481,dffb4d6f2fe1459db6f1cff6d123c4715580c84d,2026-09-16T17:29:37Z,,,
rrf,32000,1,swebench_verified,500,500,1.0,0.06919758275656403,0.11794707559725041,0.22054826479420084,0.08259811858365865,,,,,,,100.0,0.0,0.0,0.0,29.0,120.0,1.0,137.0,268.0,18759.364,22062.5,27199.149999999998,28722.34,0.23857689883401872,0.24233435900032418,0.4695970354500785,0.5935510710699505,dffb4d6f2fe1459db6f1cff6d123c4715580c84d,2026-09-16T17:29:37Z,,,
rrf,64000,1,swebench_verified,500,500,1.0,0.0609939810148235,0.10341531620586966,0.1925109538090079,0.07268369973640351,,,,,,,100.0,0.0,0.0,0.0,37.0,174.04999999999995,1.0,167.5,429.0,30552.004,29873.0,54788.7,57206.39,0.2397164918100043,0.24566104049972637,0.47451152524990897,0.5960707904498486,dffb4d6f2fe1459db6f1cff6d123c4715580c84d,2026-09-16T17:29:37Z,,,
rrf,8000,1,swebench_verified,500,500,1.0,0.1291465068179005,0.20498191759352083,0.35096992489988665,0.15041527055137544,,,,,,,100.0,0.0,0.0,0.0,15.0,48.049999999999955,1.0,56.0,91.0,5178.892,5416.0,6409.049999999999,6715.3099999999995,0.23838976881598684,0.24405416299987337,0.45904877905022656,0.5944206092600778,dffb4d6f2fe1459db6f1cff6d123c4715580c84d,2026-09-16T17:29:37Z,,,
rrf,-1,2,contextbench_verified,494,494,0.9099561207121539,0.08854649300554153,0.1282464793065576,0.21020297181201456,0.09911164179571748,0.8690578696507714,0.06326734788209097,0.10279928191327566,0.24508978239314616,0.24508978239314616,494,76.72064777327935,0.0,23.279352226720647,0.19401805077748163,72.5,1040.4999999999998,2.0,250.5,1740.9499999999987,101613.18623481781,46749.5,358921.6999999997,647550.2999999999,6.388265810676122,4.156022585499613,17.41787903250047,28.723215738799304,dffb4d6f2fe1459db6f1cff6d123c4715580c84d,2026-09-16T17:31:35Z,0.22586566336699235,0.5824566259686007,494
rrf,0,2,contextbench_verified,494,494,0.0,0.0,0.0,0.0,0.0,0.0,0.0,0.0,0.0,,494,0.0,100.0,0.0,0.0,0.0,0.0,2.0,0.0,0.0,0.0,0.0,0.0,0.0,0.07492770991095371,0.04476185799967425,0.21337300920013139,0.35493775869986155,dffb4d6f2fe1459db6f1cff6d123c4715580c84d,2026-09-16T17:31:35Z,0.0,0.0,494
rrf,128000,2,contextbench_verified,494,494,0.9063379977438463,0.09889394273813369,0.14573430430926193,0.24255979473385234,0.11141806487759329,0.8656783112957391,0.07263721683275469,0.11785348669471223,0.24426283720950018,0.24426283720950018,494,74.89878542510121,0.0,25.101214574898787,0.1956620832777722,52.5,301.0,2.0,194.5,769.0999999999998,45641.35425101215,31220.0,109586.35,115860.54999999999,0.2364613434534524,0.13102291250015696,0.694960266399903,1.2923406088201672,dffb4d6f2fe1459db6f1cff6d123c4715580c84d,2026-09-16T17:31:35Z,0.22653345925994023,0.5757012753778127,494
rrf,16000,2,contextbench_verified,494,494,0.8838801490624428,0.1601361739841363,0.22859027037878984,0.35620450219091765,0.17908961608554794,0.8220382971551404,0.108771758051925,0.16891935183401918,0.25019454626786397,0.25019454626786397,494,69.83805668016194,0.0,30.161943319838056,0.2116247449996815,24.0,76.34999999999997,2.0,97.5,166.0,9810.319838056681,10538.5,13262.05,14206.109999999999,0.23219551350808681,0.13290173699988372,0.6790554336000232,1.2293242472795813,dffb4d6f2fe1459db6f1cff6d123c4715580c84d,2026-09-16T17:31:35Z,0.24387117952357337,0.5076988661069837,494
rrf,32000,2,contextbench_verified,494,494,0.893569869530027,0.12490781919580532,0.18336238353638556,0.2988905514416657,0.1407995160829546,0.8452624805179534,0.0894966533842756,0.14319948575307068,0.24442217125486515,0.24442217125486515,494,71.25506072874494,0.0,28.74493927125506,0.20271103316891573,34.0,136.69999999999993,2.0,143.5,287.34999999999997,18122.32995951417,21042.5,26928.35,28709.489999999998,0.23319746548787748,0.1260603065002215,0.7027557018493549,1.1165012452398502,dffb4d6f2fe1459db6f1cff6d123c4715580c84d,2026-09-16T17:31:35Z,0.23146880707585665,0.5464638960869971,494
rrf,64000,2,contextbench_verified,494,494,0.9003370753973998,0.10706250175115414,0.15824822713688377,0.26251200364879235,0.12084042803227664,0.8579968889793794,0.07848008631731598,0.12693759000625615,0.24351691111997403,0.24351691111997403,494,73.27935222672065,0.0,26.720647773279353,0.19890107073577953,45.5,205.69999999999993,2.0,177.0,471.0999999999998,30166.97975708502,29216.0,54938.84999999999,57876.66,0.23218166667208648,0.1282719430000725,0.6841315789500181,1.2275720837996231,dffb4d6f2fe1459db6f1cff6d123c4715580c84d,2026-09-16T17:31:35Z,0.227407953380483,0.5642217031216097,494
rrf,8000,2,contextbench_verified,494,494,0.8712759275185927,0.2273301397195261,0.30430814726250766,0.43871087925648067,0.24859433728152244,0.7854110877096532,0.14543692750802434,0.21268156704837465,0.2599236138873169,0.2599236138873169,494,68.21862348178138,0.0,31.781376518218625,0.2217785938385996,16.0,43.349999999999966,2.0,58.0,91.0,4929.603238866397,5068.0,6440.9,6766.479999999999,0.21771617581983996,0.1270332890003374,0.6514846195499102,1.1344399743296245,dffb4d6f2fe1459db6f1cff6d123c4715580c84d,2026-09-16T17:31:35Z,0.268072519532577,0.45375551396701774,494
rrf,-1,2,polybench500,500,500,0.999547619047619,0.07479532345684393,0.11759714451200251,0.19732476051552486,0.08704758971446659,1.0,0.21714354742953967,0.30219166698923144,,,456,99.6,0.0,0.4,0.007382449924884291,106.0,1713.1,2.0,318.0,1999.2999999999988,121872.614,54707.5,468534.29999999976,587259.07,8.078472058891993,3.752523277999444,28.213495532249723,53.191507478860174,dffb4d6f2fe1459db6f1cff6d123c4715580c84d,2026-09-16T17:34:28Z,,,
rrf,0,2,polybench500,500,500,0.0,0.0,0.0,0.0,0.0,0.0,0.0,0.0,,,456,0.0,100.0,0.0,0.0,0.0,0.0,2.0,0.0,0.0,0.0,0.0,0.0,0.0,0.10686852852400625,0.04530954749998273,0.4064512758497127,0.5429873767505705,dffb4d6f2fe1459db6f1cff6d123c4715580c84d,2026-09-16T17:34:28Z,,,
rrf,128000,2,polybench500,500,500,0.999547619047619,0.08756428482893475,0.14090332870274397,0.24464142398585612,0.10262081443898016,1.0,0.2621482440782377,0.36909624004399727,,,456,99.6,0.0,0.4,0.007382449924884291,67.0,308.1999999999998,2.0,201.0,709.2499999999998,37843.392,27738.0,98881.54999999997,106927.6,0.38639618711001456,0.12972514900002352,1.3289485314006464,2.2560377675995316,dffb4d6f2fe1459db6f1cff6d123c4715580c84d,2026-09-16T17:34:28Z,,,
rrf,16000,2,polybench500,500,500,0.998547619047619,0.15308524792686104,0.2344864983162792,0.380875925886448,0.17645702112358247,1.0,0.3639350750302813,0.4907027233192462,,,456,99.4,0.0,0.6,0.02350735640153231,29.0,67.0,2.0,103.0,168.0,9148.834,9865.0,12652.999999999996,13490.789999999997,0.38952410046201474,0.12380948349982646,1.3700299070997515,2.2952302946393472,dffb4d6f2fe1459db6f1cff6d123c4715580c84d,2026-09-16T17:34:28Z,,,
rrf,32000,2,polybench500,500,500,0.998547619047619,0.11210336529864223,0.17903960633291455,0.30683700922682927,0.1310146362121566,1.0,0.31449033133097193,0.4334496571639526,,,456,99.4,0.0,0.6,0.02350735640153231,44.0,125.04999999999995,2.0,157.0,286.1999999999998,16822.752,19498.0,25735.6,27447.14,0.38853498859400315,0.12693169199974363,1.4186548748004488,2.389042097029778,dffb4d6f2fe1459db6f1cff6d123c4715580c84d,2026-09-16T17:34:28Z,,,
rrf,64000,2,polybench500,500,500,0.998547619047619,0.09430951497098551,0.152262098463241,0.2648010455159525,0.11065299036899441,1.0,0.2793806129296221,0.3911720665671371,,,456,99.4,0.0,0.6,0.02350735640153231,58.5,211.14999999999986,2.0,185.0,466.0999999999999,27145.194,25894.5,51269.74999999999,54930.65,0.3886568756499928,0.13014392599961866,1.3329711183993351,2.306980421340024,dffb4d6f2fe1459db6f1cff6d123c4715580c84d,2026-09-16T17:34:28Z,,,
rrf,8000,2,polybench500,500,500,0.9974171842650104,0.22714236347374098,0.3215775599434897,0.47914027060869696,0.25473634245724286,0.9982568600989654,0.4177336723384661,0.5452599362401757,,,456,99.2,0.0,0.8,0.03445251336498363,18.0,37.0,2.0,63.0,96.0,4631.338,4823.5,6168.549999999999,6612.699999999999,0.3746979820860197,0.11886598900036915,1.3965058292495072,2.2877912497396933,dffb4d6f2fe1459db6f1cff6d123c4715580c84d,2026-09-16T17:34:28Z,,,
rrf,-1,2,swebench_verified,500,500,1.0,0.048571311714717486,0.08216986913037068,0.1521132139453241,0.05784971125223632,,,,,,,100.0,0.0,0.0,0.0,64.0,1625.2499999999998,1.0,245.0,2298.1499999999996,99257.23,45766.5,345340.04999999976,641104.65,7.179569962742015,7.383495819499785,14.293822861549689,15.52955847479089,dffb4d6f2fe1459db6f1cff6d123c4715580c84d,2026-09-16T17:38:48Z,,,
rrf,0,2,swebench_verified,500,500,0.0,0.0,0.0,0.0,0.0,,,,,,,0.0,100.0,0.0,0.0,0.0,0.0,1.0,0.0,0.0,0.0,0.0,0.0,0.0,0.09723201356800563,0.10493404850012666,0.17993246220016773,0.19289401379000992,dffb4d6f2fe1459db6f1cff6d123c4715580c84d,2026-09-16T17:38:48Z,,,
rrf,128000,2,swebench_verified,500,500,1.0,0.0516468255909188,0.0881435027562665,0.1659001350735341,0.06166552858722924,,,,,,,100.0,0.0,0.0,0.0,49.0,310.1999999999998,1.0,197.0,774.0,47843.09,36119.0,108761.34999999998,113150.99,0.24514066168202045,0.25015820700036784,0.47332364409967326,0.6103180773204712,dffb4d6f2fe1459db6f1cff6d123c4715580c84d,2026-09-16T17:38:48Z,,,
rrf,16000,2,swebench_verified,500,500,1.0,0.08868696434718298,0.1471619335622205,0.2672029193122971,0.1048421425478172,,,,,,,100.0,0.0,0.0,0.0,21.0,87.04999999999995,1.0,96.0,165.04999999999995,10365.136,11187.5,13228.65,13816.06,0.24367194006001408,0.25763693699991563,0.4670652563506789,0.5965545364802438,dffb4d6f2fe1459db6f1cff6d123c4715580c84d,2026-09-16T17:38:48Z,,,
rrf,32000,2,swebench_verified,500,500,1.0,0.0641440340695363,0.11040492686893513,0.20952522312293034,0.07679086783465539,,,,,,,100.0,0.0,0.0,0.0,30.0,142.0,1.0,148.5,280.1999999999998,19347.836,22474.5,26893.599999999995,28342.899999999994,0.24318687772600062,0.25511150249985803,0.46430731880009224,0.6404563859605058,dffb4d6f2fe1459db6f1cff6d123c4715580c84d,2026-09-16T17:38:48Z,,,
rrf,64000,2,swebench_verified,500,500,1.0,0.05521424794377113,0.09466597369102359,0.1793140060176623,0.06601635700433228,,,,,,,100.0,0.0,0.0,0.0,41.0,200.24999999999977,1.0,188.5,457.4499999999996,32115.252,33929.0,54356.9,56961.57,0.2433741551639705,0.24608392699974502,0.47266752789982996,0.6096515848299623,dffb4d6f2fe1459db6f1cff6d123c4715580c84d,2026-09-16T17:38:48Z,,,
rrf,8000,2,swebench_verified,500,500,1.0,0.12407742059141616,0.1985586453363052,0.342967947398805,0.14492623198578647,,,,,,,100.0,0.0,0.0,0.0,15.0,52.049999999999955,1.0,58.0,91.04999999999995,5153.786,5387.5,6334.4,6705.099999999999,0.24397104021799715,0.25724349200027063,0.4650889880506383,0.5892354528291707,dffb4d6f2fe1459db6f1cff6d123c4715580c84d,2026-09-16T17:38:48Z,,,
rrf,-1,3,contextbench_verified,494,494,0.9102091571494009,0.09086200905394812,0.13191964925959268,0.21595259140048326,0.10182708525921692,0.8691408832477325,0.06348475665884945,0.1033331375349717,0.24390553661370765,0.24390553661370765,494,76.72064777327935,0.0,23.279352226720647,0.19307336573010359,74.0,998.05,2.0,244.0,1773.4499999999991,101809.86234817814,47583.5,352546.99999999977,669410.97,6.377247025412958,4.087970163999671,16.37885432260076,30.76895861661086,dffb4d6f2fe1459db6f1cff6d123c4715580c84d,2026-09-16T17:41:22Z,0.22575033245747625,0.5805214187031728,494
rrf,0,3,contextbench_verified,494,494,0.0,0.0,0.0,0.0,0.0,0.0,0.0,0.0,0.0,,494,0.0,100.0,0.0,0.0,0.0,0.0,2.0,0.0,0.0,0.0,0.0,0.0,0.0,0.08101118424090725,0.04852358149992142,0.22299672385033767,0.3860179961496305,dffb4d6f2fe1459db6f1cff6d123c4715580c84d,2026-09-16T17:41:22Z,0.0,0.0,494
rrf,128000,3,contextbench_verified,494,494,0.9061946104294064,0.10088180095985816,0.14874970064849,0.24684295661493108,0.11372116752323838,0.8656948708788779,0.07248778852265032,0.11781654344048902,0.24385295290089332,0.24385295290089332,494,74.89878542510121,0.0,25.101214574898787,0.1948775783804533,51.0,300.74999999999983,2.0,189.0,766.05,45546.08906882591,30597.5,109214.24999999999,115320.04999999997,0.240813693131575,0.14293590999977823,0.6840270346501252,1.1868676242800469,dffb4d6f2fe1459db6f1cff6d123c4715580c84d,2026-09-16T17:41:22Z,0.22698732652994286,0.5737541046668146,494
rrf,16000,3,contextbench_verified,494,494,0.8839123536999105,0.16004270382060465,0.22817728594838346,0.3554173560092786,0.17889966739284788,0.8225553277879724,0.10860524064311579,0.1688044209460771,0.2515568006880864,0.2515568006880864,494,70.04048582995951,0.0,29.959514170040485,0.2112282734077866,23.5,78.34999999999997,2.0,96.0,165.69999999999993,9805.506072874494,10597.5,13220.849999999999,13894.47,0.23831996689675367,0.13568470299969704,0.6758735437497763,1.1498277218103783,dffb4d6f2fe1459db6f1cff6d123c4715580c84d,2026-09-16T17:41:22Z,0.24541491144889993,0.5071362066142724,494
rrf,32000,3,contextbench_verified,494,494,0.8937471126897263,0.12486814799426314,0.18337811481862407,0.2990228423916968,0.14077705251925557,0.8454813586070801,0.08842372633132353,0.14168942531035322,0.24490067264688054,0.24490067264688054,494,71.86234817813765,0.0,28.13765182186235,0.20356992043544508,35.0,133.34999999999997,2.0,140.0,286.34999999999997,18091.386639676115,20959.5,26857.75,28161.28,0.23724092178742912,0.13973138749997815,0.7315137589998812,1.0689827035103807,dffb4d6f2fe1459db6f1cff6d123c4715580c84d,2026-09-16T17:41:22Z,0.23206112284259567,0.54378703068781,494
rrf,64000,3,contextbench_verified,494,494,0.9007938189462487,0.10823821962785729,0.16009824529388916,0.2653018523375482,0.12221689644709555,0.8568420263175692,0.07803198626768786,0.1264628570349292,0.24340049137201578,0.24340049137201578,494,73.48178137651821,0.0,26.518218623481783,0.19801446256960709,44.0,206.0499999999999,2.0,173.0,475.69999999999993,30187.562753036436,28724.0,54665.45,57435.719999999994,0.24044427944128527,0.1433456464997107,0.6774270899498334,1.2652801502404492,dffb4d6f2fe1459db6f1cff6d123c4715580c84d,2026-09-16T17:41:22Z,0.22843889269982545,0.56251676244753,494
rrf,8000,3,contextbench_verified,494,494,0.8710485233438202,0.2266228188062975,0.30266264404297805,0.43657321578935054,0.24755167929422947,0.7814707298219269,0.1447990452204992,0.2118127421083214,0.2616240817011413,0.2616240817011413,494,68.42105263157895,0.0,31.57894736842105,0.2231642454613291,16.0,44.349999999999966,2.0,58.0,92.0,4941.528340080971,5092.5,6454.799999999999,6715.63,0.22670834386641173,0.13694328749943452,0.6729070756498454,1.082636356669982,dffb4d6f2fe1459db6f1cff6d123c4715580c84d,2026-09-16T17:41:22Z,0.2694609483953481,0.44983162429022944,494
rrf,-1,3,polybench500,500,500,0.999547619047619,0.07453144832670064,0.1173911691424408,0.19761634207643086,0.08678208862207679,1.0,0.2168324218474787,0.3012414923280951,,,456,99.6,0.0,0.4,0.007382449924884291,107.0,1618.349999999996,2.0,311.0,2007.8499999999992,121958.936,57565.0,477831.79999999993,598134.0699999997,8.141799801616017,3.9958779605003656,27.123177990048813,53.38959988304064,dffb4d6f2fe1459db6f1cff6d123c4715580c84d,2026-09-16T17:42:49Z,,,
rrf,0,3,polybench500,500,500,0.0,0.0,0.0,0.0,0.0,0.0,0.0,0.0,,,456,0.0,100.0,0.0,0.0,0.0,0.0,2.0,0.0,0.0,0.0,0.0,0.0,0.0,0.11344906617000015,0.0467646269994475,0.43696972834959524,0.5198215892100505,dffb4d6f2fe1459db6f1cff6d123c4715580c84d,2026-09-16T17:42:49Z,,,
rrf,128000,3,polybench500,500,500,0.999547619047619,0.08701901619508638,0.14010108976914926,0.24351723035920683,0.10199446115199315,1.0,0.25966910323071635,0.3647135696811825,,,456,99.6,0.0,0.4,0.007382449924884291,68.0,326.1999999999998,2.0,204.5,731.2999999999997,38098.668,28267.5,99397.39999999997,108602.98,0.395915972574021,0.1319154200000412,1.3298051276502054,2.2387335632895122,dffb4d6f2fe1459db6f1cff6d123c4715580c84d,2026-09-16T17:42:49Z,,,
rrf,16000,3,polybench500,500,500,0.998547619047619,0.1527636838160281,0.23330919872900566,0.3784918222086467,0.17588910018545567,1.0,0.3589599694524199,0.484641558706851,,,456,99.4,0.0,0.6,0.02350735640153231,30.0,70.14999999999986,2.0,105.5,167.04999999999995,9157.06,9898.5,12640.399999999996,13367.43,0.3956142467740065,0.1326295759995446,1.342185298600179,2.5653587636693276,dffb4d6f2fe1459db6f1cff6d123c4715580c84d,2026-09-16T17:42:49Z,,,
rrf,32000,3,polybench500,500,500,0.998547619047619,0.11235467304426686,0.17867950105302322,0.3053795050260737,0.13110070662916046,1.0,0.3092950308855595,0.4263510598485443,,,456,99.4,0.0,0.6,0.02350735640153231,45.0,127.09999999999991,2.0,157.0,289.04999999999995,16771.302,19577.5,25621.949999999997,26840.24,0.39582649835399386,0.13123008349975862,1.4010604984503505,2.589639300470497,dffb4d6f2fe1459db6f1cff6d123c4715580c84d,2026-09-16T17:42:49Z,,,
rrf,64000,3,polybench500,500,500,0.998547619047619,0.09484461272339327,0.15219590581230805,0.26401290401641925,0.11099642738821663,1.0,0.27643460243060086,0.386383717017905,,,456,99.4,0.0,0.6,0.02350735640153231,59.0,220.14999999999986,2.0,191.0,474.2999999999997,27131.092,25693.0,51105.84999999999,54594.72999999999,0.3936984302359906,0.13207989750026172,1.3662654662499778,2.350562401719913,dffb4d6f2fe1459db6f1cff6d123c4715580c84d,2026-09-16T17:42:49Z,,,
rrf,8000,3,polybench500,500,500,0.9974171842650104,0.22711085988830865,0.32141539799562047,0.478631445933847,0.25467313213764176,0.9982568600989654,0.41276711550202905,0.539568413456753,,,456,99.2,0.0,0.8,0.03445251336498363,18.0,39.0,2.0,63.0,95.09999999999991,4658.874,4818.0,6221.299999999999,6613.569999999999,0.38459587820602065,0.13241974900029163,1.4085202365493839,2.3432094292502366,dffb4d6f2fe1459db6f1cff6d123c4715580c84d,2026-09-16T17:42:49Z,,,
rrf,-1,3,swebench_verified,500,500,1.0,0.05238835692217055,0.08863147849240803,0.16321382129649747,0.0624129208363027,,,,,,,100.0,0.0,0.0,0.0,59.5,1155.2499999999989,1.0,221.0,2237.2,103457.856,45177.0,365445.94999999995,668782.7099999998,7.241565944753965,8.181649168499462,14.628036661698884,15.770268739899334,dffb4d6f2fe1459db6f1cff6d123c4715580c84d,2026-09-16T17:48:16Z,,,
rrf,0,3,swebench_verified,500,500,0.0,0.0,0.0,0.0,0.0,,,,,,,0.0,100.0,0.0,0.0,0.0,0.0,1.0,0.0,0.0,0.0,0.0,0.0,0.0,0.10757735748201958,0.11709872350002115,0.19573085520005407,0.21195237782963885,dffb4d6f2fe1459db6f1cff6d123c4715580c84d,2026-09-16T17:48:16Z,,,
rrf,128000,3,swebench_verified,500,500,1.0,0.05520267844824868,0.09410207192543273,0.17586285356832804,0.06590539231734638,,,,,,,100.0,0.0,0.0,0.0,47.0,306.2499999999998,1.0,189.0,765.1499999999999,47947.858,35447.5,109127.34999999998,114772.19,0.25727312199201696,0.28450477949945707,0.49696755734989884,0.602270209090666,dffb4d6f2fe1459db6f1cff6d123c4715580c84d,2026-09-16T17:48:16Z,,,
rrf,16000,3,swebench_verified,500,500,1.0,0.08980169985203175,0.14917267111507054,0.27028188221197547,0.10622338998064673,,,,,,,100.0,0.0,0.0,0.0,22.0,89.04999999999995,1.0,95.0,166.04999999999995,10381.094,11301.0,13178.449999999999,13811.56,0.25718352229798985,0.28262728500021694,0.4812760122502822,0.5874085778796504,dffb4d6f2fe1459db6f1cff6d123c4715580c84d,2026-09-16T17:48:16Z,,,
rrf,32000,3,swebench_verified,500,500,1.0,0.06617729794598362,0.11366278326032847,0.21441601801163376,0.0791871429918112,,,,,,,100.0,0.0,0.0,0.0,30.0,142.04999999999995,1.0,146.0,280.0,19275.212,22553.5,26923.55,28061.12,0.25699859440798356,0.2826884609994522,0.49654247674966423,0.6120043877799525,dffb4d6f2fe1459db6f1cff6d123c4715580c84d,2026-09-16T17:48:16Z,,,
rrf,64000,3,swebench_verified,500,500,1.0,0.058298242637399564,0.09987875541957342,0.1880742814420675,0.0697045998864715,,,,,,,100.0,0.0,0.0,0.0,39.0,204.19999999999982,1.0,179.5,456.6499999999994,32079.644,33791.0,54394.84999999999,56538.58,0.2578242570499915,0.2794124735000878,0.4980890353994254,0.5992517484095514,dffb4d6f2fe1459db6f1cff6d123c4715580c84d,2026-09-16T17:48:16Z,,,
rrf,8000,3,swebench_verified,500,500,1.0,0.12342008380794886,0.19810223910526725,0.3424678329109503,0.1443551956579033,,,,,,,100.0,0.0,0.0,0.0,15.0,53.0,1.0,56.0,92.0,5175.6,5431.5,6339.3,6559.08,0.2584148236739802,0.2831257815000754,0.4898931158993946,0.5802216450892682,dffb4d6f2fe1459db6f1cff6d123c4715580c84d,2026-09-16T17:48:16Z,,,
rrf,-1,4,contextbench_verified,494,494,0.9102091571494009,0.09108493249036168,0.13223127111053382,0.21633427358864826,0.102079366579155,0.8696994115390543,0.06402646996043693,0.10417770710922442,0.2442037605038457,0.2442037605038457,494,76.72064777327935,0.0,23.279352226720647,0.19307336573010359,74.0,996.3499999999999,2.0,245.0,1755.3999999999992,101313.86639676114,47957.0,352009.79999999993,659701.1999999998,6.49420610096151,4.199710492000122,16.95848087765002,27.803892271460096,dffb4d6f2fe1459db6f1cff6d123c4715580c84d,2026-09-16T17:50:02Z,0.22558590866675485,0.5811233004425689,494
rrf,0,4,contextbench_verified,494,494,0.0,0.0,0.0,0.0,0.0,0.0,0.0,0.0,0.0,,494,0.0,100.0,0.0,0.0,0.0,0.0,2.0,0.0,0.0,0.0,0.0,0.0,0.0,0.08493099927326611,0.04753544499953932,0.22634627309998887,0.3771706980602264,dffb4d6f2fe1459db6f1cff6d123c4715580c84d,2026-09-16T17:50:02Z,0.0,0.0,494
rrf,128000,4,contextbench_verified,494,494,0.9062705213605804,0.10105849576258909,0.14901844239864606,0.2473042095040135,0.11392405173306328,0.8657931364011329,0.07301778424030529,0.1187530427991771,0.24392445362312443,0.24392445362312443,494,74.69635627530364,0.0,25.303643724696357,0.19485648441377948,51.0,300.44999999999976,2.0,188.0,762.0,45319.3056680162,30125.0,109382.75,115314.73999999999,0.25375449037246545,0.13633277799999632,0.76349488159949,1.2617743943200448,dffb4d6f2fe1459db6f1cff6d123c4715580c84d,2026-09-16T17:50:02Z,0.2264650978653023,0.5743915025930129,494
rrf,16000,4,contextbench_verified,494,494,0.8833725426337837,0.15979040535465888,0.2279058798688035,0.3550828611970839,0.17864268887807813,0.82228659067713,0.10884825474549839,0.1692449458627091,0.25137570322582675,0.25137570322582675,494,69.83805668016194,0.0,30.161943319838056,0.21115717568100945,24.0,78.34999999999997,2.0,97.5,165.69999999999993,9795.694331983806,10595.5,13211.849999999999,13897.339999999998,0.24799154627125677,0.13315192300024137,0.7271228039498508,1.3246604912801092,dffb4d6f2fe1459db6f1cff6d123c4715580c84d,2026-09-16T17:50:02Z,0.24517182783049585,0.5068064437416043,494
rrf,32000,4,contextbench_verified,494,494,0.8938917049395817,0.12527888317815725,0.18392833283575216,0.29980681168979895,0.14123038652597317,0.8462528360816028,0.08918313816107921,0.14300518757206518,0.2460453718474383,0.2460453718474383,494,71.86234817813765,0.0,28.13765182186235,0.20341697600400277,34.0,132.34999999999997,2.0,140.5,288.34999999999997,18028.676113360325,20867.0,26841.5,28265.839999999997,0.246820893046569,0.1371827345001293,0.7208576046997219,1.3651537291302784,dffb4d6f2fe1459db6f1cff6d123c4715580c84d,2026-09-16T17:50:02Z,0.23314803475153004,0.5451283167409732,494
rrf,64000,4,contextbench_verified,494,494,0.9008572342508919,0.10839545637673545,0.16039860953314622,0.265839449407538,0.12241481362052069,0.8569895620926353,0.07858027204495564,0.1273824327985874,0.24366871678950483,0.24366871678950483,494,73.27935222672065,0.0,26.720647773279353,0.19799828223795654,44.0,208.0,2.0,171.5,478.0499999999999,30044.854251012144,28196.0,54555.95,57435.409999999996,0.2521497289493827,0.13429850900047313,0.8022390732498925,1.361386800080017,dffb4d6f2fe1459db6f1cff6d123c4715580c84d,2026-09-16T17:50:02Z,0.22806681409884275,0.5630975037833506,494
rrf,8000,4,contextbench_verified,494,494,0.8705424504693262,0.2278816959117721,0.3037391656044987,0.43744914540088786,0.24873646058360221,0.7827134198804064,0.14546053314095453,0.21290650664837027,0.2614715867928924,0.2614715867928924,494,68.21862348178138,0.0,31.781376518218625,0.22315471062083872,16.0,43.69999999999993,2.0,58.0,92.34999999999997,4940.80971659919,5093.0,6498.1,6705.7,0.2374985065809729,0.13606501600042975,0.7398551421004409,1.2102767970901362,dffb4d6f2fe1459db6f1cff6d123c4715580c84d,2026-09-16T17:50:02Z,0.2692618648921404,0.45045519264477635,494
rrf,-1,4,polybench500,500,500,0.999547619047619,0.07433669205183155,0.11717996175081583,0.1975084855793089,0.08657509451687746,1.0,0.21640282285678095,0.3007338390578528,,,456,99.6,0.0,0.4,0.007382449924884291,107.0,1618.7999999999956,2.0,309.5,2046.149999999999,120179.07,56116.0,454585.99999999977,639671.3999999998,8.276545366062017,3.912772426999709,28.85803394290109,56.343207726510585,dffb4d6f2fe1459db6f1cff6d123c4715580c84d,2026-09-16T17:52:31Z,,,
rrf,0,4,polybench500,500,500,0.0,0.0,0.0,0.0,0.0,0.0,0.0,0.0,,,456,0.0,100.0,0.0,0.0,0.0,0.0,2.0,0.0,0.0,0.0,0.0,0.0,0.0,0.11518193564398825,0.044533045000207494,0.43918369385064576,0.5684361828108012,dffb4d6f2fe1459db6f1cff6d123c4715580c84d,2026-09-16T17:52:31Z,,,
rrf,128000,4,polybench500,500,500,0.999547619047619,0.08693429538245147,0.1400297619616127,0.24352041621493356,0.10191006493208359,1.0,0.2591559071737265,0.3640407451797669,,,456,99.6,0.0,0.4,0.007382449924884291,67.5,320.39999999999964,2.0,203.5,734.1999999999998,37823.456,27538.0,99412.19999999998,105107.73999999999,0.40282072740001784,0.14209547800010114,1.4763049637011125,2.3248509331799276,dffb4d6f2fe1459db6f1cff6d123c4715580c84d,2026-09-16T17:52:31Z,,,
rrf,16000,4,polybench500,500,500,0.998547619047619,0.15288031198257665,0.23342540564704925,0.378599893383679,0.176008140928521,1.0,0.35811849627375925,0.48365421324752306,,,456,99.4,0.0,0.6,0.02350735640153231,29.0,73.0,2.0,105.0,167.04999999999995,9147.84,9880.5,12698.15,13433.26,0.40274841805603684,0.12939025349987787,1.4200574600014069,2.335893233529411,dffb4d6f2fe1459db6f1cff6d123c4715580c84d,2026-09-16T17:52:31Z,,,
rrf,32000,4,polybench500,500,500,0.998547619047619,0.11199238704070666,0.17845031394171756,0.305399219198362,0.13077501536842037,1.0,0.3080886031659511,0.4248268903565375,,,456,99.4,0.0,0.6,0.02350735640153231,44.0,125.04999999999995,2.0,157.5,290.04999999999995,16654.968,19294.5,25636.149999999998,26799.92,0.40603998770200267,0.1316228420000698,1.5079652889994555,2.441092006620452,dffb4d6f2fe1459db6f1cff6d123c4715580c84d,2026-09-16T17:52:31Z,,,
rrf,64000,4,polybench500,500,500,0.998547619047619,0.09475398569481569,0.15215746670437572,0.2641645962561892,0.11091478269482444,1.0,0.27610671322359837,0.385832968333042,,,456,99.4,0.0,0.6,0.02350735640153231,58.0,215.14999999999986,2.0,189.0,475.2499999999998,26903.954,25425.5,51089.24999999999,53396.939999999995,0.4014896415679814,0.1365629725000872,1.4945377441001693,2.316466539250027,dffb4d6f2fe1459db6f1cff6d123c4715580c84d,2026-09-16T17:52:31Z,,,
rrf,8000,4,polybench500,500,500,0.9974171842650104,0.22704857548743815,0.3211383144074752,0.47820441443334516,0.25454146617852275,0.9982568600989654,0.4124170505948144,0.5392484032615988,,,456,99.2,0.0,0.8,0.03445251336498363,18.0,39.0,2.0,63.0,95.04999999999995,4660.12,4812.5,6242.0,6661.429999999999,0.39207689014203423,0.13258234949989856,1.516177562949268,2.293005045419904,dffb4d6f2fe1459db6f1cff6d123c4715580c84d,2026-09-16T17:52:31Z,,,
rrf,-1,4,swebench_verified,500,500,1.0,0.05288311137564994,0.08935974319852272,0.16423709302793252,0.06298040567929267,,,,,,,100.0,0.0,0.0,0.0,59.5,1175.05,1.0,219.5,2204.6499999999996,102780.27,44092.5,360175.54999999964,658491.5999999999,7.256395054423948,8.200684643000386,14.096947905048262,16.313193814530624,dffb4d6f2fe1459db6f1cff6d123c4715580c84d,2026-09-16T17:56:13Z,,,
rrf,0,4,swebench_verified,500,500,0.0,0.0,0.0,0.0,0.0,,,,,,,0.0,100.0,0.0,0.0,0.0,0.0,1.0,0.0,0.0,0.0,0.0,0.0,0.0,0.11285572529995624,0.12550116700003855,0.20068239944985178,0.21850752237082816,dffb4d6f2fe1459db6f1cff6d123c4715580c84d,2026-09-16T17:56:13Z,,,
rrf,128000,4,swebench_verified,500,500,1.0,0.05571281082730772,0.09485840580978787,0.17693889471485683,0.06649166857814506,,,,,,,100.0,0.0,0.0,0.0,46.5,328.0999999999999,1.0,188.0,762.1999999999998,47649.376,35621.0,109587.8,114670.79,0.26474887733597824,0.28666565000094124,0.4930457479495997,0.6209515932997146,dffb4d6f2fe1459db6f1cff6d123c4715580c84d,2026-09-16T17:56:13Z,,,
rrf,16000,4,swebench_verified,500,500,1.0,0.08953697931490938,0.14872076044780164,0.2697038391126716,0.10589533562142456,,,,,,,100.0,0.0,0.0,0.0,21.0,89.09999999999991,1.0,95.5,167.04999999999995,10359.966,11263.0,13155.249999999998,13886.220000000001,0.26453892616800295,0.29100051000023086,0.4879914853495391,0.6375644692298734,dffb4d6f2fe1459db6f1cff6d123c4715580c84d,2026-09-16T17:56:13Z,,,
rrf,32000,4,swebench_verified,500,500,1.0,0.06699400912862856,0.11470549971672321,0.2156307961322715,0.08008311369964918,,,,,,,100.0,0.0,0.0,0.0,30.0,142.0,1.0,147.0,277.14999999999986,19200.726,22524.0,26933.05,27993.559999999998,0.2640405757979861,0.2935869859993545,0.4870436131001042,0.6348522894594497,dffb4d6f2fe1459db6f1cff6d123c4715580c84d,2026-09-16T17:56:13Z,,,
rrf,64000,4,swebench_verified,500,500,1.0,0.05878370199807841,0.10058930903271462,0.18905563357788555,0.07026062969104963,,,,,,,100.0,0.0,0.0,0.0,38.5,203.19999999999982,1.0,176.5,457.59999999999945,31920.036,33432.5,54467.49999999999,56658.96,0.2632731550439585,0.2879018739999992,0.4939779319495754,0.6172460627302094,dffb4d6f2fe1459db6f1cff6d123c4715580c84d,2026-09-16T17:56:13Z,,,
rrf,8000,4,swebench_verified,500,500,1.0,0.12362240129798514,0.19838646416912833,0.34279047059110795,0.14458498662231087,,,,,,,100.0,0.0,0.0,0.0,15.0,53.049999999999955,1.0,56.0,92.04999999999995,5170.698,5448.0,6336.15,6558.09,0.2655373681680412,0.2890795594998963,0.49128246570062395,0.6219041084311175,dffb4d6f2fe1459db6f1cff6d123c4715580c84d,2026-09-16T17:56:13Z,,,
